datetime,temp,humidity,wind_speed,aqi,pm2_5,pm10,no2,so2,co,o3
2026-02-24 00:00:00,16.5,75,6.9,5,107.32,266.37,3.48,0.75,496.33,50.25
2026-02-24 01:00:00,15.8,78,6.1,5,111.09,270.59,3.74,0.61,514.58,45.3
2026-02-24 02:00:00,15.5,79,3.6,5,116.26,275.21,4.12,0.58,546.07,41.06
2026-02-24 03:00:00,17.3,76,4.7,5,122.08,283.3,4.48,0.65,582.68,38.88
2026-02-24 04:00:00,20.2,66,3.2,5,124.01,295.68,3.63,1.01,586.82,47.19
2026-02-24 05:00:00,23.3,53,1.9,5,122.66,292.74,2.87,1.36,576.53,61.39
2026-02-24 06:00:00,26.5,44,0.8,5,121.88,295.25,2.18,1.77,555.81,82.61
2026-02-24 07:00:00,28.9,39,1.3,5,67.18,212.91,0.64,5.22,256.14,140.16
2026-02-24 08:00:00,30.4,27,3.7,4,50.27,155.87,0.38,3.66,201.81,139.18
2026-02-24 09:00:00,30.7,24,5.4,4,45.34,139.43,0.34,3.01,187.58,137.03
2026-02-24 10:00:00,30.5,25,5.6,4,44.56,136.2,0.38,3.03,186.77,138.31
2026-02-24 11:00:00,29.8,28,5.8,4,45.15,137.4,0.45,3.31,188.47,138.73
2026-02-24 12:00:00,27.8,38,7.0,4,46.46,141.6,0.56,3.66,193.08,139.16
2026-02-24 13:00:00,24.5,41,7.6,4,50.78,150.17,1.04,4.23,212.99,133.71
2026-02-24 14:00:00,22.9,39,7.0,4,57.66,161.13,1.71,5.05,249.21,124.92
2026-02-24 15:00:00,21.1,48,7.7,4,64.8,171.01,2.3,5.76,289.55,116.91
2026-02-24 16:00:00,20.6,50,8.2,4,68.62,173.44,2.6,5.6,315.2,106.01
2026-02-24 17:00:00,20.3,46,8.0,4,71.83,177.39,2.77,4.89,337.46,96.67
2026-02-24 18:00:00,19.7,48,6.8,4,74.51,182.73,2.8,4.11,353.52,88.92
2026-02-24 19:00:00,19.8,49,4.2,5,75.53,186.71,2.62,3.46,355.35,81.99
2026-02-24 20:00:00,19.0,52,4.0,5,76.75,191.45,2.46,3.03,353.49,76.28
2026-02-24 21:00:00,17.8,57,2.6,5,77.85,195.05,2.4,2.65,350.54,70.38
2026-02-24 22:00:00,17.0,60,2.4,5,78.99,197.64,2.44,2.38,348.85,64.5
2026-02-24 23:00:00,16.4,63,4.0,5,81.39,204.16,2.52,2.44,352.73,60.56
2026-02-25 00:00:00,17.4,60,1.5,5,84.58,211.85,2.61,2.7,358.41,58.29
2026-02-25 00:00:00,17.4,60,1.5,5,84.58,211.85,2.61,2.7,358.41,58.29
2026-02-25 01:00:00,16.5,64,2.0,5,88.06,217.81,2.69,3.06,367.9,56.53
2026-02-25 02:00:00,15.6,69,3.4,5,92.47,222.01,2.89,3.14,388.37,53.47
2026-02-25 03:00:00,17.5,69,3.7,5,96.77,222.46,3.16,2.76,411.39,49.66
2026-02-25 04:00:00,21.5,57,3.6,5,99.08,218.88,2.83,2.33,426.49,47.84
2026-02-25 05:00:00,24.9,48,3.1,5,100.72,222.81,2.34,2.71,435.9,53.45
2026-02-25 06:00:00,27.6,39,0.9,5,104.98,238.6,1.89,4.23,436.59,69.79
2026-02-25 07:00:00,29.7,34,2.3,4,60.7,184.61,0.77,10.87,226.11,138.92
2026-02-25 08:00:00,30.7,25,4.8,4,48.24,142.26,0.42,6.42,195.55,137.85
2026-02-25 09:00:00,31.1,24,5.9,4,44.95,131.26,0.38,5.28,187.62,136.05
2026-02-25 10:00:00,31.0,25,6.0,4,47.42,140.25,0.45,5.39,192.84,134.7
2026-02-25 11:00:00,30.5,30,4.3,4,52.35,159.0,0.57,5.77,202.1,130.43
2026-02-25 12:00:00,28.4,46,5.6,4,56.72,176.14,0.75,6.01,211.35,127.93
2026-02-25 13:00:00,25.6,44,5.2,4,60.85,190.22,1.21,6.26,227.48,125.86
2026-02-25 14:00:00,23.7,44,3.9,5,65.15,201.69,1.69,6.53,251.16,123.33
2026-02-25 15:00:00,22.6,46,3.4,5,69.01,212.37,2.02,6.64,274.53,120.85
2026-02-25 16:00:00,21.9,48,4.1,5,70.9,218.89,2.11,6.47,288.55,117.76
2026-02-25 17:00:00,21.8,49,1.1,5,73.31,229.91,2.06,6.41,299.73,117.14
2026-02-25 18:00:00,21.9,50,0.3,5,75.06,240.01,1.91,6.32,304.31,116.28
2026-02-25 19:00:00,21.4,49,0.2,5,75.18,244.43,1.67,5.62,297.43,109.65
2026-02-25 20:00:00,20.6,53,0.4,5,75.58,244.72,1.48,4.66,290.27,100.81
2026-02-25 21:00:00,19.3,55,0.9,5,74.93,236.39,1.36,3.64,282.32,90.74
2026-02-25 22:00:00,18.5,58,0.3,5,73.26,223.24,1.34,2.72,273.89,79.86
2026-02-25 23:00:00,17.9,61,0.4,5,73.62,222.72,1.42,2.25,272.51,72.32
2026-02-26 00:00:00,17.0,66,1.4,5,74.83,228.4,1.56,2.07,274.35,67.3
2026-02-26 00:00:00,17.0,66,1.4,5,74.83,228.4,1.56,2.07,274.35,67.3
2026-02-26 01:00:00,16.8,68,0.5,5,76.28,235.43,1.77,2.01,278.97,63.15
2026-02-26 02:00:00,15.2,74,5.7,5,78.62,244.02,2.02,1.8,292.11,57.91
2026-02-26 03:00:00,17.6,63,6.6,5,81.42,255.9,2.26,1.46,309.22,52.46
2026-02-26 04:00:00,21.2,54,4.5,5,82.51,265.24,2.01,1.23,318.09,48.92
2026-02-26 05:00:00,24.8,46,3.1,5,82.89,275.84,1.6,1.28,319.36,51.13
2026-02-26 06:00:00,28.0,36,3.9,5,85.49,293.2,1.29,1.55,320.53,60.89
2026-02-26 07:00:00,29.8,30,6.1,5,70.85,271.12,0.57,4.75,239.58,128.53
2026-02-26 08:00:00,30.8,27,9.5,5,61.69,217.62,0.54,4.16,227.58,133.3
2026-02-26 09:00:00,31.2,27,11.7,4,58.46,194.39,0.57,3.65,225.64,134.33
2026-02-26 10:00:00,31.2,28,12.0,4,45.34,139.57,0.52,3.33,194.71,133.19
2026-02-26 11:00:00,30.7,29,10.5,4,40.84,119.73,0.55,3.19,185.22,132.1
2026-02-26 12:00:00,28.8,46,5.7,4,39.89,115.54,0.63,3.11,183.6,131.01
2026-02-26 13:00:00,26.2,44,6.0,4,41.9,119.83,1.14,3.05,197.87,122.36
2026-02-26 14:00:00,23.6,44,8.0,4,45.87,129.59,1.95,2.97,228.1,109.55
2026-02-26 15:00:00,22.4,46,8.3,4,49.82,140.15,2.72,2.84,262.41,99.72
2026-02-26 16:00:00,22.1,47,8.6,4,52.38,148.53,3.08,2.63,285.01,91.42
2026-02-26 17:00:00,21.1,50,7.4,4,55.23,158.71,3.25,2.42,304.4,85.0
2026-02-26 18:00:00,20.7,52,7.0,4,57.7,167.98,3.26,2.15,315.53,79.22
2026-02-26 19:00:00,20.4,53,6.2,4,58.73,174.13,2.99,1.81,310.96,73.99
2026-02-26 20:00:00,20.0,55,4.0,4,60.14,180.65,2.63,1.54,304.65,70.46
2026-02-26 21:00:00,19.5,58,1.0,4,61.68,186.77,2.29,1.31,299.02,67.27
2026-02-26 22:00:00,18.5,61,0.8,4,63.24,191.29,2.06,1.09,294.42,63.66
2026-02-26 23:00:00,17.9,64,2.7,4,65.37,197.17,1.96,0.9,295.43,60.36
2026-02-27 00:00:00,17.5,72,3.4,5,67.79,203.69,1.98,0.75,300.34,57.15
2026-02-27 00:00:00,17.5,72,3.4,5,67.79,203.69,1.98,0.75,300.34,57.15
2026-02-27 01:00:00,16.5,76,4.2,5,69.54,207.67,2.1,0.65,307.41,53.32
2026-02-27 02:00:00,15.2,82,5.2,5,71.99,211.96,2.24,0.61,321.25,49.46
2026-02-27 03:00:00,18.4,71,7.2,5,74.42,216.64,2.34,0.61,334.05,45.82
2026-02-27 04:00:00,22.6,57,8.3,5,75.53,221.81,1.87,0.6,332.83,44.31
2026-02-27 05:00:00,26.0,46,6.8,5,76.42,229.94,1.4,0.66,327.93,48.39
2026-02-27 06:00:00,28.9,37,8.5,5,78.34,241.07,1.07,0.81,320.97,59.2
2026-02-27 07:00:00,30.2,33,8.4,4,43.57,138.09,0.44,3.76,186.31,122.83
2026-02-27 08:00:00,31.1,31,8.2,4,36.73,104.81,0.39,3.72,166.53,127.61
2026-02-27 09:00:00,31.2,29,8.8,3,35.3,98.83,0.4,3.52,160.39,127.53
2026-02-27 10:00:00,31.4,28,8.9,3,35.2,98.17,0.44,3.44,159.52,129.29
2026-02-27 11:00:00,30.9,29,7.1,3,34.68,96.79,0.49,3.3,157.42,129.83
2026-02-27 12:00:00,29.2,42,5.8,3,34.39,96.73,0.57,3.2,156.18,129.78
2026-02-27 13:00:00,27.7,38,3.3,4,35.91,102.58,0.98,3.17,165.76,125.56
2026-02-27 14:00:00,26.4,37,1.0,4,38.75,111.81,1.59,3.14,187.02,117.76
2026-02-27 15:00:00,23.5,45,6.5,4,41.58,119.55,2.18,3.06,212.61,110.91
2026-02-27 16:00:00,23.1,49,2.4,4,43.5,123.91,2.48,2.85,231.49,103.36
2026-02-27 17:00:00,22.6,51,1.0,4,45.9,129.95,2.64,2.66,249.94,97.3
2026-02-27 18:00:00,22.6,52,1.4,4,47.93,135.66,2.67,2.4,263.28,91.86
2026-02-27 19:00:00,22.0,54,1.6,4,48.46,137.1,2.48,2.09,264.48,86.99
2026-02-27 20:00:00,19.9,61,5.8,4,48.79,137.7,2.28,1.9,264.28,85.1
2026-02-27 21:00:00,18.9,66,4.5,4,49.28,140.14,2.11,1.8,264.78,84.31
2026-02-27 22:00:00,18.6,67,1.8,4,49.93,145.34,2.0,1.76,264.2,84.2
2026-02-27 23:00:00,18.0,69,2.5,4,51.82,151.21,1.97,1.44,269.27,80.1
2026-02-28 00:00:00,17.4,76,4.7,4,54.16,159.9,1.99,1.13,275.43,75.41
2026-02-28 00:00:00,17.4,76,4.7,4,54.16,159.9,1.99,1.13,275.43,75.41
2026-02-28 01:00:00,17.2,77,4.3,4,56.07,168.48,2.09,0.92,281.01,70.43
2026-02-28 02:00:00,16.6,80,6.0,4,58.56,176.82,2.22,0.78,292.07,66.17
2026-02-28 03:00:00,19.0,73,9.2,4,61.22,183.97,2.33,0.67,302.08,63.05
2026-02-28 04:00:00,21.9,67,7.4,4,63.12,189.04,1.95,0.61,303.68,61.99
2026-02-28 05:00:00,25.2,58,7.7,4,65.2,198.27,1.51,0.64,303.92,65.5
2026-02-28 06:00:00,28.2,47,6.6,5,68.37,212.1,1.17,0.72,303.76,73.82
2026-02-28 07:00:00,30.1,40,3.9,4,48.44,167.36,0.57,3.41,192.23,130.09
2026-02-28 08:00:00,31.4,32,1.4,4,39.34,126.88,0.44,2.72,164.22,134.72
2026-02-28 09:00:00,31.9,26,2.5,4,37.54,120.29,0.42,2.29,155.66,134.01
2026-02-28 10:00:00,31.9,26,4.3,4,37.92,121.69,0.44,2.1,153.84,135.95
2026-02-28 11:00:00,31.3,30,4.2,4,38.41,123.73,0.47,2.0,153.07,135.58
2026-02-28 12:00:00,29.6,37,7.6,4,39.38,127.93,0.54,1.98,153.66,135.06
2026-02-28 13:00:00,26.5,40,7.3,4,42.29,138.19,0.82,2.04,162.07,130.57
2026-02-28 14:00:00,24.5,45,4.9,4,46.47,150.48,1.19,2.2,178.78,122.91
2026-02-28 15:00:00,23.0,49,7.1,4,50.32,159.63,1.53,2.35,197.56,115.9
2026-02-28 16:00:00,23.1,49,5.0,4,52.19,161.1,1.72,2.36,209.09,107.44
2026-02-28 17:00:00,23.2,45,4.6,4,53.96,164.49,1.83,2.36,220.35,101.36
2026-02-28 18:00:00,22.9,46,4.5,4,55.28,168.55,1.85,2.34,227.48,97.04
2026-02-28 19:00:00,21.8,48,3.6,4,55.71,170.5,1.75,2.23,227.04,93.11
2026-02-28 20:00:00,19.6,53,6.9,4,56.54,173.2,1.66,2.07,226.67,89.56
2026-02-28 21:00:00,18.8,60,7.1,4,57.2,176.12,1.61,1.9,227.36,85.77
2026-02-28 22:00:00,18.2,68,6.7,4,57.39,177.34,1.63,1.72,228.96,80.99
2026-02-28 23:00:00,17.7,75,5.8,4,58.3,181.04,1.7,1.56,235.03,76.68
2026-03-01 00:00:00,17.6,80,5.4,4,59.44,186.3,1.77,1.36,242.17,72.04
2026-03-01 00:00:00,17.6,80,5.4,4,59.44,186.3,1.77,1.36,242.17,72.04
2026-03-02 01:00:00,17.7,76,5.6,4,51.9,142.21,2.02,1.16,250.86,72.38
2026-03-02 02:00:00,17.3,79,5.3,4,53.39,146.24,2.25,0.99,266.57,65.2
2026-03-02 03:00:00,19.9,72,5.3,4,55.12,151.67,2.5,0.86,284.98,58.51
2026-03-02 04:00:00,23.0,59,4.7,4,56.36,157.11,2.2,0.77,296.49,55.63
2026-03-02 05:00:00,26.4,50,5.4,4,58.03,165.1,1.73,0.79,303.07,60.8
2026-03-02 06:00:00,29.6,40,4.3,4,61.32,177.45,1.31,0.9,306.67,73.54
2026-03-02 07:00:00,31.2,34,3.3,4,41.64,127.83,0.46,2.93,178.12,143.05
2026-03-02 08:00:00,32.3,29,5.5,4,34.64,100.76,0.34,2.29,152.06,143.74
2026-03-02 09:00:00,32.8,27,7.1,4,33.06,96.41,0.33,1.93,145.05,141.63
2026-03-02 10:00:00,32.9,26,5.7,4,32.96,96.78,0.34,1.74,143.66,141.71
2026-03-02 11:00:00,32.7,31,3.4,4,32.95,98.01,0.37,1.62,141.87,140.6
2026-03-02 12:00:00,32.2,41,1.7,4,33.21,100.99,0.41,1.55,140.93,139.78
2026-03-02 13:00:00,29.0,39,1.5,4,35.02,108.84,0.68,1.6,147.59,133.82
2026-03-02 14:00:00,26.2,42,2.1,4,38.05,119.63,1.02,1.74,162.12,124.53
2026-03-02 15:00:00,24.8,45,2.4,4,41.27,129.48,1.28,1.89,178.69,116.83
2026-03-02 16:00:00,23.8,46,3.1,4,43.72,135.33,1.47,1.98,191.26,107.31
2026-03-02 17:00:00,23.8,47,1.9,4,46.64,143.43,1.57,2.04,202.87,99.99
2026-03-02 18:00:00,22.9,52,4.2,4,49.55,153.36,1.61,2.0,210.19,94.72
2026-03-02 19:00:00,22.9,51,1.7,4,51.69,162.91,1.57,1.84,211.2,89.69
2026-03-02 20:00:00,22.0,54,1.4,4,54.05,172.37,1.53,1.6,214.62,85.58
2026-03-02 21:00:00,19.6,62,5.8,4,55.91,178.9,1.52,1.36,220.34,80.69
2026-03-02 22:00:00,19.0,65,3.9,4,56.71,179.7,1.52,1.12,228.54,75.16
2026-03-02 23:00:00,18.8,67,1.9,4,57.82,178.98,1.58,0.92,242.77,70.23
2026-03-03 00:00:00,18.3,72,4.2,4,58.78,176.02,1.68,0.77,260.97,65.77
2026-03-03 00:00:00,18.3,72,4.2,4,58.78,176.02,1.68,0.77,260.97,65.77
2026-03-03 01:00:00,17.5,78,6.2,4,59.41,171.4,1.86,0.69,279.55,61.31
2026-03-03 02:00:00,17.4,80,6.4,4,60.71,168.75,2.11,0.66,303.97,56.75
2026-03-03 03:00:00,20.4,69,6.5,4,62.29,167.21,2.39,0.64,332.0,52.63
2026-03-03 04:00:00,24.5,57,5.6,4,63.42,168.54,2.12,0.63,352.8,51.59
2026-03-03 05:00:00,28.0,45,6.3,4,64.72,173.95,1.81,0.72,370.64,59.41
2026-03-03 06:00:00,31.2,36,8.5,4,67.72,182.87,1.61,0.98,390.12,77.19
2026-03-03 07:00:00,32.8,30,11.5,4,46.81,135.75,0.69,4.53,232.93,148.37
2026-03-03 08:00:00,33.7,24,14.3,4,41.26,113.72,0.5,3.54,192.93,145.8
2026-03-03 09:00:00,33.9,24,14.5,4,40.07,109.66,0.46,3.07,179.77,142.66
2026-03-03 10:00:00,33.8,24,12.7,4,39.79,108.9,0.46,2.78,173.18,141.72
2026-03-03 11:00:00,33.2,26,10.9,4,39.42,108.95,0.47,2.55,166.95,139.45
2026-03-03 12:00:00,32.0,32,7.6,4,39.49,111.0,0.52,2.45,163.45,137.62
2026-03-03 13:00:00,28.5,38,7.3,4,41.42,117.72,0.95,2.43,171.64,130.45
2026-03-03 14:00:00,26.4,38,7.7,4,44.68,127.76,1.51,2.45,189.94,119.97
2026-03-03 15:00:00,25.1,42,7.7,4,48.04,138.47,1.84,2.46,207.71,112.19
2026-03-03 16:00:00,24.1,47,6.5,4,50.63,146.72,1.81,2.4,216.55,104.96
2026-03-03 17:00:00,23.4,50,6.0,4,53.71,155.42,1.7,2.35,223.99,99.49
2026-03-03 18:00:00,22.9,54,7.7,4,56.49,163.44,1.6,2.24,227.99,95.09
2026-03-03 19:00:00,22.2,54,8.0,4,58.09,167.44,1.44,2.1,226.85,91.07
2026-03-03 20:00:00,22.1,50,8.8,4,59.62,169.41,1.43,2.01,231.56,88.64
2026-03-03 21:00:00,20.7,54,7.6,4,60.28,167.88,1.48,2.01,239.11,86.79
2026-03-03 22:00:00,19.8,58,6.8,4,59.27,159.53,1.6,2.1,246.51,84.7
2026-03-03 23:00:00,19.5,60,6.8,4,58.39,151.33,1.74,2.16,256.94,82.28
2026-03-04 00:00:00,19.8,62,5.9,4,57.74,146.4,1.84,2.16,267.42,79.85
2026-03-04 00:00:00,19.8,62,5.9,4,57.74,146.4,1.84,2.16,267.42,79.85
2026-03-05 01:00:00,17.5,62,6.5,4,54.67,134.48,1.98,2.68,337.86,85.23
2026-03-05 02:00:00,17.0,63,6.9,4,56.48,142.2,2.15,2.23,356.84,79.31
2026-03-05 03:00:00,19.9,54,7.9,4,57.97,151.32,2.38,2.12,374.45,76.54
2026-03-05 04:00:00,23.5,47,7.6,4,57.64,159.52,2.03,2.6,375.9,80.93
2026-03-05 05:00:00,26.9,39,8.0,4,58.41,164.59,1.54,2.75,375.49,88.76
2026-03-05 06:00:00,30.1,34,8.7,4,61.12,173.32,1.15,2.85,370.81,99.66
2026-03-05 07:00:00,32.1,27,8.2,4,56.42,180.29,0.84,3.03,304.81,118.83
2026-03-05 08:00:00,33.3,23,7.4,4,57.05,185.92,0.77,2.65,279.99,125.04
2026-03-05 09:00:00,34.0,22,6.7,4,56.56,189.31,0.73,2.34,257.4,129.23
2026-03-05 10:00:00,34.0,23,7.6,4,45.78,157.59,0.53,2.01,197.42,134.49
2026-03-05 11:00:00,33.3,24,7.8,4,38.22,129.94,0.44,1.78,168.29,133.42
2026-03-05 12:00:00,31.6,28,7.7,4,36.04,124.33,0.45,1.77,158.33,131.47
2026-03-05 13:00:00,27.8,33,6.9,4,37.08,129.69,0.7,1.87,160.89,126.63
2026-03-05 14:00:00,25.5,31,7.7,4,39.83,139.32,1.04,2.03,172.47,118.82
2026-03-05 15:00:00,24.5,32,7.9,4,42.44,147.45,1.27,2.16,184.52,112.77
2026-03-05 16:00:00,23.0,35,8.3,4,44.16,147.46,1.38,2.07,191.35,103.51
2026-03-05 17:00:00,21.8,40,7.7,4,46.61,150.67,1.41,1.88,199.48,95.05
2026-03-05 18:00:00,21.7,44,8.1,4,48.92,157.48,1.37,1.64,202.59,88.7
2026-03-05 19:00:00,20.6,50,7.6,4,50.21,163.48,1.2,1.37,196.87,83.99
2026-03-05 20:00:00,19.4,55,7.3,4,51.34,167.13,1.09,1.18,195.25,82.62
2026-03-05 21:00:00,18.4,58,7.2,4,51.59,166.27,1.09,1.1,198.93,82.07
2026-03-05 22:00:00,17.8,58,7.1,4,49.6,158.01,1.23,1.22,207.04,83.1
2026-03-05 23:00:00,17.3,58,7.1,4,48.01,148.78,1.45,1.27,223.72,80.61
2026-03-06 00:00:00,17.5,56,8.0,4,46.99,143.16,1.68,1.25,242.48,76.12
2026-03-06 00:00:00,17.5,56,8.0,4,46.99,143.16,1.68,1.25,242.48,76.12
2026-03-06 01:00:00,17.9,53,9.3,4,46.16,139.76,1.87,1.18,257.72,70.84
2026-03-06 02:00:00,17.6,55,8.8,4,46.04,140.5,2.13,1.13,276.57,66.26
2026-03-06 03:00:00,19.6,54,7.7,4,45.9,143.92,2.46,1.22,293.67,63.27
2026-03-06 04:00:00,22.7,48,8.8,4,44.48,150.08,2.09,1.74,294.62,67.58
2026-03-06 05:00:00,25.8,43,11.4,4,45.78,154.97,1.45,1.59,289.29,75.07
2026-03-06 06:00:00,29.3,39,12.4,4,49.12,162.87,0.9,1.47,278.37,84.91
2026-03-06 07:00:00,31.4,33,12.3,4,50.04,173.24,0.62,1.67,247.94,97.96
2026-03-06 08:00:00,33.0,29,12.0,4,50.25,177.09,0.53,1.55,218.72,103.08
2026-03-06 09:00:00,33.8,26,11.6,4,51.93,183.82,0.53,1.51,203.16,105.89
2026-03-06 10:00:00,34.0,26,11.6,4,48.37,171.86,0.47,1.55,180.78,113.4
2026-03-06 11:00:00,33.5,27,11.3,4,44.75,160.26,0.42,1.58,163.75,115.68
2026-03-06 12:00:00,32.4,30,10.0,4,45.11,163.41,0.45,1.63,159.37,115.61
2026-03-06 13:00:00,28.5,38,7.2,4,47.41,171.88,0.61,1.66,162.73,112.9
2026-03-06 14:00:00,26.7,37,7.4,4,50.99,181.36,0.75,1.67,170.31,107.57
2026-03-06 15:00:00,25.0,41,7.7,4,54.54,188.75,0.79,1.66,177.79,103.58
2026-03-06 16:00:00,23.5,43,7.9,4,56.41,188.37,0.81,1.62,181.12,98.46
2026-03-06 17:00:00,22.6,43,7.7,4,58.11,187.68,0.86,1.59,186.33,94.8
2026-03-06 18:00:00,22.2,44,7.9,4,59.17,185.63,0.9,1.51,190.52,91.12
2026-03-06 19:00:00,21.4,47,7.3,4,59.47,179.98,0.92,1.43,193.23,87.3
2026-03-06 20:00:00,21.0,50,5.9,4,60.47,176.28,0.98,1.43,201.81,85.51
2026-03-06 21:00:00,20.7,52,3.7,4,61.77,174.68,1.09,1.51,216.25,84.61
2026-03-06 22:00:00,19.8,56,4.1,4,62.64,173.25,1.24,1.63,235.03,82.8
2026-03-06 23:00:00,19.4,59,2.2,4,64.24,174.64,1.4,1.66,258.19,81.36
2026-03-07 00:00:00,18.3,69,5.2,4,65.99,177.8,1.52,1.62,280.45,79.14
2026-03-07 00:00:00,18.3,69,5.2,4,65.99,177.8,1.52,1.62,280.45,79.14
2026-03-07 01:00:00,17.8,76,7.0,4,66.75,182.3,1.58,1.59,295.04,76.51
2026-03-07 02:00:00,18.5,78,9.1,4,68.2,188.42,1.75,1.59,310.26,73.1
2026-03-07 03:00:00,21.1,69,11.6,4,69.62,199.49,2.04,1.8,323.02,69.91
2026-03-07 04:00:00,24.0,59,11.4,5,68.88,212.46,1.89,2.45,312.77,70.91
2026-03-07 05:00:00,26.8,53,11.1,5,68.84,216.06,1.41,2.47,297.31,76.44
2026-03-07 06:00:00,30.0,46,10.8,5,70.97,222.32,0.94,2.43,286.27,84.87
2026-03-07 07:00:00,32.3,37,11.1,5,70.85,226.18,0.66,2.34,261.77,95.11
2026-03-07 08:00:00,33.8,31,11.5,5,67.96,221.96,0.56,2.11,226.89,99.98
2026-03-07 09:00:00,34.6,27,11.1,5,68.46,223.53,0.57,2.01,212.93,103.29
2026-03-07 10:00:00,35.0,25,10.3,5,63.42,206.32,0.57,2.16,196.51,111.61
2026-03-07 11:00:00,34.5,27,8.0,4,57.68,187.65,0.58,2.32,179.76,115.6
2026-03-07 12:00:00,33.4,38,4.8,4,56.12,183.51,0.67,2.39,174.29,117.24
2026-03-07 13:00:00,31.0,38,2.9,4,56.26,182.03,0.84,2.37,174.43,114.39
2026-03-07 14:00:00,29.2,37,2.5,4,57.17,180.81,0.96,2.25,178.0,107.94
2026-03-07 15:00:00,27.8,40,4.2,4,57.51,178.3,0.99,2.06,181.77,102.59
2026-03-07 16:00:00,26.9,42,1.6,4,56.04,169.87,1.02,1.76,180.89,95.29
2026-03-07 17:00:00,25.0,47,4.9,4,55.18,164.9,1.1,1.46,183.28,88.88
2026-03-07 18:00:00,25.3,49,1.7,4,54.39,162.21,1.16,1.19,184.81,83.3
2026-03-07 19:00:00,24.3,53,2.7,4,53.11,159.79,1.14,0.96,181.43,78.21
2026-03-07 20:00:00,22.6,59,6.9,4,52.89,159.55,1.14,0.81,181.34,74.34
2026-03-07 21:00:00,22.0,69,7.0,4,53.15,159.05,1.21,0.71,184.94,70.22
2026-03-07 22:00:00,21.6,78,7.0,4,53.37,157.27,1.34,0.65,192.1,64.9
2026-03-07 23:00:00,21.4,84,6.9,4,54.45,158.5,1.5,0.58,202.86,60.23
2026-03-08 00:00:00,21.1,87,7.6,4,55.53,161.14,1.63,0.49,212.8,55.91
2026-03-08 00:00:00,21.1,87,7.6,4,55.53,161.14,1.63,0.49,212.8,55.91
2026-03-08 01:00:00,20.9,88,8.3,4,56.04,163.21,1.71,0.43,219.39,51.44
2026-03-08 02:00:00,20.4,89,6.3,4,57.12,168.01,1.85,0.46,231.7,48.77
2026-03-08 03:00:00,23.2,76,6.9,4,58.43,175.32,1.94,0.57,246.54,48.01
2026-03-08 04:00:00,26.1,63,7.0,4,58.67,190.06,1.56,1.01,255.09,55.0
2026-03-08 05:00:00,29.2,52,7.0,4,59.04,194.44,1.16,1.24,256.35,63.19
2026-03-08 06:00:00,31.7,45,6.6,5,60.84,204.32,0.9,1.76,256.13,75.27
2026-03-08 07:00:00,33.0,41,5.8,5,55.1,211.42,0.61,4.79,209.37,108.54
2026-03-08 08:00:00,34.1,38,6.3,5,51.84,200.62,0.5,5.01,182.06,116.05
2026-03-08 09:00:00,34.5,35,8.2,4,50.76,193.7,0.45,4.77,170.44,118.77
2026-03-08 10:00:00,34.7,32,8.8,4,38.77,136.51,0.32,3.43,142.26,125.72
2026-03-08 11:00:00,34.4,31,8.0,4,31.19,105.68,0.26,2.47,125.47,127.02
2026-03-08 12:00:00,33.5,33,7.2,3,28.05,96.38,0.25,1.98,118.03,126.57
2026-03-08 13:00:00,30.3,43,6.3,3,27.7,95.62,0.41,1.74,119.64,119.85
2026-03-08 14:00:00,28.5,47,4.5,4,29.2,100.88,0.67,1.64,128.98,109.01
2026-03-08 15:00:00,27.1,51,4.0,4,31.11,108.6,0.9,1.57,140.99,100.19
2026-03-08 16:00:00,26.4,52,4.5,4,32.53,116.04,1.03,1.47,148.16,92.51
2026-03-08 17:00:00,24.8,55,6.5,4,34.24,125.93,1.11,1.39,154.55,87.8
2026-03-08 18:00:00,24.5,59,4.6,4,35.92,134.94,1.18,1.3,159.61,83.05
2026-03-08 19:00:00,23.8,62,4.4,4,37.12,140.08,1.19,1.2,160.92,77.62
2026-03-08 20:00:00,23.0,64,2.8,4,38.85,143.91,1.24,1.16,166.49,73.07
2026-03-08 21:00:00,22.0,69,1.9,4,40.83,145.73,1.36,1.17,176.31,68.64
2026-03-08 22:00:00,20.9,72,2.0,4,42.32,143.81,1.55,1.19,188.19,63.78
2026-03-08 23:00:00,20.5,74,1.8,4,44.28,143.99,1.74,1.21,204.6,60.84
2026-03-09 00:00:00,19.5,78,3.9,4,46.29,145.27,1.89,1.18,222.34,58.69
2026-03-09 00:00:00,19.5,78,3.9,4,46.29,145.27,1.89,1.18,222.34,58.69
2026-03-09 01:00:00,19.0,80,4.5,4,48.03,147.06,1.98,1.16,239.68,56.88
2026-03-09 02:00:00,18.4,84,4.7,4,50.21,150.96,2.12,1.27,263.36,56.97
2026-03-09 03:00:00,21.2,69,6.4,4,52.32,156.14,2.22,1.48,288.54,59.85
2026-03-09 04:00:00,24.9,55,4.8,4,53.59,162.2,1.83,1.8,304.33,68.1
2026-03-09 05:00:00,27.8,41,5.8,4,55.75,164.31,1.42,1.79,317.53,76.88
2026-03-09 06:00:00,31.4,32,7.4,4,59.4,171.35,1.12,1.85,326.57,89.71
2026-03-09 07:00:00,33.5,29,9.0,4,48.71,168.48,0.68,2.55,241.8,114.41
2026-03-09 08:00:00,35.0,26,11.2,4,44.67,159.26,0.54,2.05,205.97,117.45
2026-03-09 09:00:00,35.5,23,12.2,4,43.24,154.28,0.51,1.74,189.8,118.41
2026-03-09 10:00:00,35.8,20,11.7,3,29.71,88.02,0.36,1.2,145.07,128.7
2026-03-09 11:00:00,35.7,16,11.5,3,25.76,64.07,0.36,1.09,132.03,133.82
2026-03-09 12:00:00,34.5,18,10.2,3,26.29,61.92,0.44,1.13,133.53,135.32
2026-03-09 13:00:00,30.1,26,7.9,3,28.81,69.28,0.69,1.21,141.99,134.19
2026-03-09 14:00:00,28.9,23,9.7,3,32.2,80.32,0.97,1.34,154.36,130.99
2026-03-09 15:00:00,27.9,24,9.6,3,34.97,87.25,1.1,1.49,166.69,128.93
2026-03-09 16:00:00,25.5,28,8.2,3,36.79,90.44,1.11,1.69,174.49,126.04
2026-03-09 17:00:00,24.3,34,6.2,3,38.61,92.56,1.16,2.0,184.77,125.96
2026-03-09 18:00:00,23.6,34,8.6,3,39.41,92.23,1.2,2.4,191.99,126.24
2026-03-09 19:00:00,22.5,36,8.8,3,38.48,89.39,1.18,2.78,192.76,125.3
2026-03-09 20:00:00,22.4,34,8.8,3,37.82,88.31,1.22,3.05,194.34,121.76
2026-03-09 21:00:00,21.8,37,7.0,3,37.16,88.03,1.23,3.16,194.18,117.75
2026-03-09 22:00:00,21.7,38,3.3,3,36.11,86.26,1.25,3.09,191.36,111.83
2026-03-09 23:00:00,20.9,40,2.3,3,35.55,85.83,1.3,3.04,191.48,106.46
2026-03-10 00:00:00,19.5,45,5.2,3,35.23,86.73,1.37,3.04,193.54,101.66
2026-03-10 00:00:00,19.5,45,5.2,3,35.23,86.73,1.37,3.04,193.54,101.66
2026-03-10 01:00:00,19.4,47,1.1,3,34.81,87.88,1.44,3.05,195.43,96.61
2026-03-10 02:00:00,18.4,52,1.2,3,34.66,89.69,1.6,3.06,200.69,93.42
2026-03-10 03:00:00,20.6,51,1.5,3,34.45,91.01,1.98,2.98,206.48,91.75
2026-03-10 04:00:00,24.4,42,2.5,3,34.01,91.84,1.77,2.81,207.4,93.18
2026-03-10 05:00:00,27.5,33,3.1,3,33.66,92.03,1.35,2.5,203.11,99.53
2026-03-10 06:00:00,30.0,27,2.7,3,33.0,89.47,0.92,1.97,189.36,110.33
2026-03-10 07:00:00,31.8,23,3.8,3,27.49,64.46,0.49,1.24,153.72,127.5
2026-03-10 08:00:00,32.8,19,7.2,3,24.06,52.02,0.4,1.04,139.63,130.95
2026-03-10 09:00:00,33.2,18,10.6,3,22.15,46.43,0.38,0.93,131.45,131.89
2026-03-10 10:00:00,33.3,19,11.7,3,20.49,41.51,0.36,0.85,125.5,134.28
2026-03-10 11:00:00,33.2,20,9.6,3,20.0,41.0,0.4,0.86,123.16,134.95
2026-03-10 12:00:00,32.8,23,6.4,3,20.48,43.25,0.5,0.95,124.8,136.19
2026-03-10 13:00:00,30.7,29,1.8,3,22.35,50.69,0.89,1.09,134.39,134.1
2026-03-10 14:00:00,28.8,26,1.9,3,25.06,60.86,1.39,1.26,150.23,129.79
2026-03-10 15:00:00,27.4,28,1.9,3,27.54,69.1,1.64,1.42,165.21,126.67
2026-03-10 16:00:00,25.4,33,2.9,3,29.12,74.34,1.63,1.53,171.88,122.69
2026-03-10 17:00:00,24.8,36,0.4,3,30.82,79.44,1.59,1.69,178.4,120.99
2026-03-10 18:00:00,23.5,34,8.5,3,32.04,82.83,1.59,1.91,183.91,119.27
2026-03-10 19:00:00,22.5,31,9.0,3,32.6,82.04,1.6,2.13,186.81,112.95
2026-03-10 20:00:00,20.9,32,7.6,3,33.81,84.22,1.68,2.33,193.72,104.47
2026-03-10 21:00:00,20.9,31,7.8,3,35.13,89.68,1.75,2.49,200.49,97.06
2026-03-10 22:00:00,20.2,34,7.3,3,36.11,95.78,1.84,2.6,205.82,90.17
2026-03-10 23:00:00,19.5,38,6.4,4,37.4,102.55,1.98,2.8,215.02,86.16
2026-03-11 00:00:00,19.6,46,4.0,4,38.86,109.24,2.17,3.08,227.13,83.25
2026-03-11 00:00:00,19.6,46,4.0,4,38.86,109.24,2.17,3.08,227.13,83.25
2026-03-11 01:00:00,18.2,50,5.0,4,39.86,113.85,2.38,3.29,238.92,78.49
2026-03-11 02:00:00,18.0,55,3.0,4,41.19,118.89,2.77,3.52,256.75,73.43
2026-03-11 03:00:00,20.7,54,2.1,4,42.19,123.65,3.41,3.81,273.71,71.19
2026-03-11 04:00:00,24.1,40,1.1,4,42.32,129.72,2.96,4.04,277.06,77.61
2026-03-11 05:00:00,27.0,33,1.8,4,43.95,134.37,2.27,3.81,278.15,86.82
2026-03-11 06:00:00,29.9,30,1.9,4,47.58,142.74,1.59,3.32,272.72,100.64
2026-03-11 07:00:00,32.0,27,1.1,4,48.72,154.52,1.03,3.21,228.86,118.95
2026-03-11 08:00:00,33.6,25,1.5,4,51.55,162.51,0.89,3.94,209.29,127.76
2026-03-11 09:00:00,34.5,24,3.5,4,55.42,171.66,0.89,4.76,205.34,134.39
2026-03-11 10:00:00,34.6,24,6.7,4,50.39,143.15,0.87,5.16,185.95,138.66
2026-03-11 11:00:00,34.3,28,5.7,4,46.31,123.01,0.98,5.06,179.38,137.14
2026-03-11 12:00:00,33.1,27,8.7,4,46.2,120.19,1.27,5.02,184.55,136.21
2026-03-11 13:00:00,30.2,29,9.2,4,49.98,130.52,1.85,5.21,204.44,131.49
2026-03-11 14:00:00,27.7,30,7.0,4,55.71,146.36,2.46,5.37,236.22,123.06
2026-03-11 15:00:00,27.1,29,7.8,4,61.15,161.53,2.92,5.42,270.7,115.87
2026-03-11 16:00:00,25.7,33,6.9,4,64.57,173.28,2.99,5.15,291.44,108.49
2026-03-11 17:00:00,24.9,34,7.4,4,68.12,185.95,3.03,4.85,310.65,103.56
2026-03-11 18:00:00,25.5,34,8.4,4,71.27,195.73,3.16,4.52,328.94,99.71
2026-03-11 19:00:00,24.9,37,8.3,4,72.95,199.85,3.16,4.05,338.9,94.99
2026-03-11 20:00:00,25.1,41,10.3,5,74.68,201.22,3.18,3.6,350.6,89.33
2026-03-11 21:00:00,25.1,45,9.9,5,75.66,197.22,3.29,3.1,362.7,82.67
2026-03-11 22:00:00,24.5,43,8.7,4,74.3,185.73,3.22,2.58,359.43,77.4
2026-03-11 23:00:00,24.6,38,8.6,4,71.8,173.39,3.08,2.16,354.38,73.53
2026-03-12 00:00:00,24.8,38,9.8,4,67.39,159.78,2.9,1.83,342.61,70.85
2026-03-12 00:00:00,24.8,38,9.8,4,67.39,159.78,2.9,1.83,342.61,70.85
2026-03-12 01:00:00,24.0,37,10.7,4,56.32,139.68,2.37,1.59,299.13,72.83
2026-03-12 02:00:00,23.5,39,9.0,4,43.88,112.26,2.11,1.41,257.67,72.21
2026-03-12 03:00:00,25.0,40,8.3,3,30.36,85.11,2.07,1.34,213.59,71.31
2026-03-12 04:00:00,27.5,35,7.8,3,17.56,63.23,1.66,1.86,165.03,75.52
2026-03-12 05:00:00,29.9,35,7.8,3,14.61,60.83,1.34,2.41,148.28,81.65
2026-03-12 06:00:00,31.4,45,5.1,3,15.73,67.05,1.08,3.0,143.81,90.82
2026-03-12 07:00:00,32.5,42,2.1,3,15.14,56.64,0.61,2.08,130.87,98.02
2026-03-12 08:00:00,33.5,34,2.4,2,14.18,49.7,0.45,1.47,123.01,99.57
2026-03-12 09:00:00,34.2,30,4.7,3,13.92,48.51,0.44,1.33,121.18,101.02
2026-03-12 10:00:00,34.4,27,7.6,3,14.26,50.11,0.48,1.22,123.61,104.06
2026-03-12 11:00:00,34.0,23,9.1,3,15.11,54.35,0.55,1.1,127.49,106.66
2026-03-12 12:00:00,33.8,23,7.1,3,16.0,58.98,0.67,0.92,131.2,108.67
2026-03-12 13:00:00,30.4,28,6.8,3,18.27,69.03,1.14,0.82,142.49,107.38
2026-03-12 14:00:00,28.8,26,3.8,3,21.45,81.63,1.9,0.8,162.9,103.18
2026-03-12 15:00:00,27.1,29,6.0,3,24.22,92.24,2.4,0.75,183.71,100.1
2026-03-12 16:00:00,26.0,27,8.2,3,26.04,98.41,2.75,0.69,200.31,95.65
2026-03-12 17:00:00,24.9,28,8.1,4,27.75,103.24,3.25,0.68,222.12,91.69
2026-03-12 18:00:00,24.4,33,7.6,4,29.0,105.6,3.81,0.69,242.66,86.96
2026-03-12 19:00:00,23.1,36,6.8,4,29.64,106.26,4.21,0.66,255.62,81.67
2026-03-12 20:00:00,22.5,39,3.6,4,30.64,109.51,4.31,0.64,261.96,79.35
2026-03-12 21:00:00,21.5,41,2.4,4,31.92,115.24,4.09,0.61,259.55,79.05
2026-03-12 22:00:00,19.9,43,5.2,4,33.54,123.04,3.46,0.58,242.51,80.21
2026-03-12 23:00:00,19.6,46,5.8,4,35.39,128.29,3.28,0.57,238.13,77.24
2026-03-13 00:00:00,20.9,51,3.4,4,37.16,133.27,3.14,0.56,234.98,73.58
2026-03-13 00:00:00,20.9,51,3.4,4,37.16,133.27,3.14,0.56,234.98,73.58
2026-03-13 01:00:00,21.0,52,8.6,4,38.41,137.41,3.03,0.56,231.03,70.03
2026-03-13 02:00:00,21.1,55,9.2,4,39.58,142.3,3.1,0.6,229.64,67.43
2026-03-13 03:00:00,22.9,57,10.8,4,40.37,146.67,3.48,0.65,230.38,65.82
2026-03-13 04:00:00,25.6,52,11.9,4,40.84,150.87,3.01,0.74,227.93,66.18
2026-03-13 05:00:00,28.4,45,12.1,4,42.0,155.9,2.33,0.9,226.37,71.33
2026-03-13 06:00:00,30.8,41,12.5,4,45.35,165.24,1.68,1.12,224.28,83.01
2026-03-13 07:00:00,31.9,39,14.1,4,48.81,181.92,1.26,3.7,194.19,112.49
2026-03-13 08:00:00,32.8,33,12.4,4,51.99,191.78,1.02,4.68,181.52,125.47
2026-03-13 09:00:00,32.8,30,9.8,4,54.69,199.83,0.91,4.74,180.07,131.72
2026-03-13 10:00:00,33.3,28,8.3,4,42.33,149.42,0.68,3.64,160.96,131.85
2026-03-13 11:00:00,33.0,29,7.7,4,36.2,122.75,0.62,2.96,154.93,128.72
2026-03-13 12:00:00,32.3,30,4.5,4,35.88,120.78,0.7,2.95,156.71,128.79
2026-03-13 13:00:00,30.9,37,0.6,4,38.98,129.43,1.28,3.18,172.74,123.43
2026-03-13 14:00:00,27.8,31,7.9,4,43.88,142.2,2.13,3.59,201.74,114.74
2026-03-13 15:00:00,28.2,32,15.6,4,48.47,154.07,2.74,3.92,231.4,108.23
2026-03-13 16:00:00,27.5,34,11.7,4,51.21,162.12,2.87,3.93,247.45,100.87
2026-03-13 17:00:00,26.6,37,11.4,4,53.86,172.06,3.0,3.86,262.82,95.0
2026-03-13 18:00:00,26.5,42,10.5,4,55.95,181.02,3.29,3.76,277.9,89.99
2026-03-13 19:00:00,25.8,44,11.5,4,57.34,188.33,3.51,3.62,287.35,86.29
2026-03-13 20:00:00,25.1,46,11.1,4,58.65,194.53,3.42,3.36,291.83,83.75
2026-03-13 21:00:00,23.9,50,10.7,4,59.22,195.41,3.22,3.04,293.54,80.37
2026-03-13 22:00:00,23.3,54,11.7,4,58.63,191.32,3.03,2.68,291.36,75.56
2026-03-13 23:00:00,22.6,57,10.9,4,58.93,190.69,2.88,2.36,292.99,70.86
2026-03-14 00:00:00,21.9,63,11.7,4,59.7,193.26,2.73,2.02,294.28,66.01
2026-03-14 00:00:00,21.9,63,11.7,4,59.7,193.26,2.73,2.02,294.28,66.01
2026-03-14 01:00:00,21.2,65,11.4,4,59.72,194.48,2.58,1.66,293.77,60.75
2026-03-14 02:00:00,21.0,67,10.7,4,60.39,196.22,2.64,1.45,302.45,56.16
2026-03-14 03:00:00,22.9,62,10.8,4,61.34,197.99,2.75,1.41,315.03,53.69
2026-03-14 04:00:00,25.7,53,11.3,5,61.74,202.2,2.26,1.55,319.66,57.01
2026-03-14 05:00:00,28.5,40,11.2,5,63.11,205.43,1.75,1.61,319.13,65.01
2026-03-14 06:00:00,30.9,33,10.7,5,67.08,214.89,1.29,1.66,318.89,77.31
2026-03-14 07:00:00,32.0,29,8.4,5,57.34,210.74,0.62,2.06,225.09,118.85
2026-03-14 08:00:00,32.8,26,7.5,4,50.33,178.59,0.47,2.13,195.14,123.03
2026-03-14 09:00:00,33.5,24,6.9,4,48.69,168.03,0.44,2.19,186.24,124.24
2026-03-14 10:00:00,33.7,22,7.6,4,43.22,145.5,0.4,1.78,171.65,124.32
2026-03-14 11:00:00,33.7,22,8.2,4,38.18,124.37,0.41,1.5,162.49,122.28
2026-03-14 12:00:00,33.0,23,6.5,4,35.69,112.0,0.49,1.44,161.47,120.54
2026-03-14 13:00:00,30.1,36,4.3,4,37.3,110.8,0.94,1.52,173.14,112.9
2026-03-14 14:00:00,28.0,34,3.4,4,41.14,118.89,1.59,1.64,194.58,101.64
2026-03-14 15:00:00,27.0,36,3.3,4,43.84,128.54,2.02,1.67,212.75,93.15
2026-03-14 16:00:00,26.4,36,5.2,4,45.08,137.24,2.12,1.67,220.44,88.73
2026-03-14 17:00:00,25.2,35,10.3,4,46.21,146.06,2.14,1.71,226.5,87.39
2026-03-14 18:00:00,24.1,43,5.7,4,46.86,151.65,2.24,1.74,231.21,85.14
2026-03-14 19:00:00,23.9,44,2.6,4,46.3,151.74,2.35,1.73,230.09,80.51
2026-03-14 20:00:00,22.2,49,6.8,4,46.35,150.01,2.55,1.7,234.23,74.65
2026-03-14 21:00:00,22.0,50,7.3,4,46.95,146.31,2.92,1.62,245.76,68.59
2026-03-14 22:00:00,21.0,56,3.1,4,47.44,143.75,3.34,1.39,263.85,63.55
2026-03-14 23:00:00,20.7,60,0.8,4,50.0,143.38,3.78,1.34,292.77,60.13
2026-03-15 00:00:00,19.4,68,6.1,4,53.45,146.44,4.11,1.44,322.9,58.54
2026-03-15 00:00:00,19.4,68,6.1,4,53.45,146.44,4.11,1.44,322.9,58.54
2026-03-15 01:00:00,19.0,70,7.2,4,55.32,147.76,4.16,1.58,338.25,58.04
2026-03-15 02:00:00,19.6,68,9.8,4,53.91,142.93,4.16,1.73,336.59,59.3
2026-03-15 03:00:00,22.5,58,12.1,4,48.88,132.08,3.98,1.78,312.73,63.54
2026-03-15 04:00:00,26.2,42,10.6,4,38.32,115.09,2.59,2.13,249.41,79.6
2026-03-15 05:00:00,29.6,24,14.0,3,30.29,98.17,1.77,2.14,206.27,90.71
2026-03-15 06:00:00,31.8,16,15.2,3,23.76,83.1,1.23,2.04,173.83,101.1
2026-03-15 07:00:00,32.2,15,11.1,3,14.01,54.85,0.64,1.31,133.4,111.33
2026-03-15 08:00:00,32.5,15,9.2,3,11.44,45.79,0.47,0.81,122.83,112.53
2026-03-15 09:00:00,32.8,14,9.4,3,10.85,43.93,0.44,0.64,120.24,113.51
2026-03-15 10:00:00,32.9,14,11.1,3,10.78,44.07,0.45,0.52,120.45,115.2
2026-03-15 11:00:00,32.7,13,13.7,3,10.93,45.4,0.48,0.42,120.2,114.98
2026-03-15 12:00:00,32.1,14,13.4,3,11.58,49.31,0.52,0.31,120.29,113.88
2026-03-15 13:00:00,29.7,15,13.4,3,14.23,61.82,0.87,0.3,128.91,108.59
2026-03-15 14:00:00,29.0,13,19.6,3,18.4,79.91,1.42,0.37,146.18,100.06
2026-03-15 15:00:00,28.6,13,17.9,3,22.64,97.69,1.8,0.44,163.11,92.84
2026-03-15 16:00:00,27.0,15,12.0,4,26.18,112.23,1.91,0.48,172.12,85.76
2026-03-15 17:00:00,23.8,21,7.8,4,29.69,126.47,1.94,0.5,180.2,80.8
2026-03-15 18:00:00,23.4,23,8.4,4,32.74,137.9,1.98,0.5,185.91,76.09
2026-03-15 19:00:00,21.8,27,7.2,4,34.72,142.91,2.02,0.46,188.32,70.82
2026-03-15 20:00:00,21.1,28,8.1,4,35.91,142.59,2.25,0.44,195.11,66.71
2026-03-15 21:00:00,20.8,27,8.3,4,35.63,135.51,2.64,0.45,204.77,62.76
2026-03-15 22:00:00,20.2,27,7.3,4,33.61,122.81,3.06,0.48,213.56,57.94
2026-03-15 23:00:00,20.0,23,8.7,4,32.35,115.06,3.29,0.51,221.66,53.45
2026-03-16 00:00:00,19.6,30,5.3,4,32.15,113.67,3.36,0.54,227.32,49.55
2026-03-16 00:00:00,19.6,30,5.3,4,32.15,113.67,3.36,0.54,227.32,49.55
2026-03-16 01:00:00,20.0,23,13.3,4,32.61,116.29,3.38,0.57,232.06,46.06
2026-03-16 02:00:00,19.1,39,14.9,4,33.53,121.29,3.71,0.65,245.83,44.05
2026-03-16 03:00:00,20.0,58,14.6,4,34.41,126.03,3.89,0.74,263.56,43.83
2026-03-16 04:00:00,22.4,58,14.3,4,35.19,131.01,3.14,0.84,270.91,47.59
2026-03-16 05:00:00,25.2,49,13.9,4,37.15,135.31,2.45,1.0,268.91,57.85
2026-03-16 06:00:00,27.6,38,14.0,4,41.37,141.17,1.74,1.3,260.11,75.53
2026-03-16 07:00:00,29.0,32,12.0,4,35.2,135.11,1.09,3.5,207.38,116.63
2026-03-16 08:00:00,30.1,28,11.1,4,36.59,136.09,0.9,3.71,202.59,127.84
2026-03-16 09:00:00,30.8,26,10.2,4,38.34,138.21,0.84,3.68,203.3,134.1
2026-03-16 10:00:00,31.0,25,7.7,4,33.52,114.3,0.83,3.76,191.45,135.46
2026-03-16 11:00:00,30.6,25,7.2,4,32.11,105.63,0.9,3.81,188.04,133.0
2026-03-16 12:00:00,30.0,29,7.9,4,33.16,109.55,1.07,3.87,191.62,131.42
2026-03-16 13:00:00,27.8,35,7.4,4,35.54,118.69,1.48,4.17,202.53,131.07
2026-03-16 14:00:00,25.5,38,5.9,4,38.73,129.13,1.91,4.71,220.57,131.66
2026-03-16 15:00:00,23.8,39,6.3,4,41.68,138.87,2.22,5.28,239.79,131.37
2026-03-16 16:00:00,24.0,35,10.5,4,43.46,145.35,2.4,5.43,253.1,126.99
2026-03-16 17:00:00,24.0,36,12.3,4,45.03,151.55,2.51,5.07,266.34,120.33
2026-03-16 18:00:00,23.8,43,13.5,4,45.72,152.66,2.61,4.26,275.16,107.51
2026-03-16 19:00:00,23.0,43,13.3,4,44.28,139.78,2.38,3.12,265.18,91.22
2026-03-16 20:00:00,22.0,46,11.3,4,43.59,130.09,2.26,2.48,260.14,80.67
2026-03-16 21:00:00,21.0,49,9.9,4,43.12,124.28,2.17,2.14,256.48,74.29
2026-03-16 22:00:00,20.4,51,11.2,4,43.12,126.21,1.93,2.08,250.46,73.81
2026-03-16 23:00:00,20.0,54,11.8,4,44.88,130.83,1.7,2.04,249.19,75.64
2026-03-17 00:00:00,19.6,57,14.3,4,47.12,137.36,1.46,1.97,246.49,79.08
2026-03-17 00:00:00,19.6,57,14.3,4,47.12,137.36,1.46,1.97,246.49,79.08
2026-03-17 01:00:00,19.0,61,12.1,4,49.21,144.35,1.24,2.06,240.29,83.19
2026-03-17 02:00:00,18.9,63,10.5,4,51.33,150.71,1.2,2.37,237.36,86.45
2026-03-17 03:00:00,20.3,60,12.1,4,53.51,157.9,1.36,2.86,237.28,89.4
2026-03-17 04:00:00,22.5,52,14.6,4,55.56,166.73,1.36,3.71,236.39,95.07
2026-03-17 05:00:00,24.8,44,14.3,4,57.33,171.9,1.28,4.37,235.56,100.43
2026-03-17 06:00:00,25.7,40,12.1,4,59.53,177.48,1.09,4.75,233.67,108.31
2026-03-17 07:00:00,25.7,38,11.0,4,54.4,167.37,0.78,3.79,211.17,123.35
2026-03-17 08:00:00,27.7,30,10.8,4,44.48,143.67,0.58,2.61,184.63,124.92
2026-03-17 09:00:00,28.0,28,10.7,4,37.71,126.61,0.5,1.98,167.66,123.07
2026-03-17 10:00:00,29.2,27,11.0,4,30.37,105.19,0.44,1.46,152.31,119.98
2026-03-17 11:00:00,29.1,27,11.6,3,27.36,97.22,0.43,1.2,141.76,116.09
2026-03-17 12:00:00,28.0,30,10.6,4,27.78,101.24,0.45,1.08,138.42,114.4
2026-03-17 13:00:00,25.5,40,5.7,4,30.44,111.04,0.64,1.15,144.44,110.48
2026-03-17 14:00:00,23.8,37,6.6,4,33.94,122.53,0.91,1.34,156.5,104.98
2026-03-17 15:00:00,23.1,37,6.5,4,37.01,132.62,1.13,1.5,169.35,101.95
2026-03-17 16:00:00,22.5,37,8.1,4,38.55,136.57,1.3,1.53,178.32,98.05
2026-03-17 17:00:00,22.2,36,9.7,4,39.1,135.5,1.44,1.47,186.65,92.99
2026-03-17 18:00:00,22.2,41,10.6,4,38.72,128.38,1.55,1.38,192.43,89.22
2026-03-17 19:00:00,21.9,44,11.8,4,37.01,121.27,1.53,1.32,190.8,88.25
2026-03-17 20:00:00,21.9,44,12.5,4,36.69,117.69,1.53,1.36,193.84,86.47
2026-03-17 21:00:00,21.8,44,11.3,4,37.44,119.69,1.52,1.42,198.12,84.91
2026-03-17 22:00:00,20.2,57,13.5,4,38.79,122.63,1.45,1.47,202.84,84.21
2026-03-17 23:00:00,19.4,64,18.5,4,40.25,123.25,1.38,1.42,208.72,83.84
2026-03-18 00:00:00,20.7,49,13.9,4,41.76,125.44,1.29,1.35,215.67,84.76
2026-03-18 00:00:00,20.7,49,13.9,4,41.76,125.44,1.29,1.35,215.67,84.76
2026-03-18 01:00:00,19.9,60,15.2,4,42.77,125.88,1.2,1.36,223.32,88.04
2026-03-18 02:00:00,19.9,67,18.9,4,43.72,123.1,1.31,1.49,233.09,88.41
2026-03-18 03:00:00,20.9,64,13.1,4,45.0,124.81,1.68,1.74,244.3,88.11
2026-03-18 04:00:00,22.9,55,15.4,4,46.31,132.02,1.8,2.02,250.5,88.15
2026-03-18 05:00:00,25.2,44,16.6,4,47.9,143.73,1.73,2.23,249.9,89.95
2026-03-18 06:00:00,26.0,41,15.6,4,49.76,155.49,1.56,2.32,245.78,90.91
2026-03-18 07:00:00,26.8,38,10.9,4,50.77,176.06,1.14,2.19,224.48,103.01
2026-03-18 08:00:00,27.4,37,6.9,4,50.77,179.35,0.73,1.8,209.8,107.66
2026-03-18 09:00:00,26.5,39,8.7,4,50.18,176.37,0.5,1.38,199.56,109.23
2026-03-18 10:00:00,26.4,40,9.2,4,45.9,159.8,0.42,1.02,189.18,109.38
2026-03-18 11:00:00,26.8,39,9.4,4,40.37,138.99,0.42,0.75,180.01,106.51
2026-03-18 12:00:00,27.1,38,6.2,4,36.4,124.41,0.48,0.6,175.88,104.09
2026-03-18 13:00:00,25.4,53,3.1,4,35.59,120.69,0.69,0.56,181.52,101.01
2026-03-18 14:00:00,23.9,49,7.8,4,36.78,123.12,0.94,0.58,192.0,96.48
2026-03-18 15:00:00,21.0,68,19.0,4,37.29,123.9,1.14,0.6,201.02,92.35
2026-03-18 16:00:00,20.6,72,18.1,4,37.38,121.97,1.23,0.65,205.6,86.91
2026-03-18 17:00:00,20.0,74,19.2,4,37.96,119.13,1.32,0.71,212.37,83.03
2026-03-18 18:00:00,19.6,75,18.3,4,37.92,114.06,1.42,0.77,217.07,79.94
2026-03-18 19:00:00,18.8,75,17.8,4,36.73,104.19,1.37,1.24,215.06,79.11
2026-03-18 20:00:00,17.7,85,17.2,4,37.67,100.04,1.36,1.6,222.45,78.72
2026-03-18 21:00:00,17.4,87,14.7,3,39.34,98.39,1.29,1.63,232.73,79.63
2026-03-18 22:00:00,17.1,87,18.5,3,40.05,94.78,1.23,1.51,242.67,81.53
2026-03-18 23:00:00,16.9,88,14.9,3,40.56,93.94,1.22,1.44,254.93,81.75
2026-03-19 00:00:00,17.5,76,13.7,3,40.51,95.37,1.19,1.38,263.27,81.66
2026-03-19 00:00:00,17.5,76,13.7,3,40.51,95.37,1.19,1.38,263.27,81.66
2026-03-19 01:00:00,16.8,81,13.6,3,40.16,99.38,1.17,1.38,267.2,81.46
2026-03-19 02:00:00,16.8,82,11.8,4,40.26,105.36,1.27,1.44,275.36,81.91
2026-03-19 03:00:00,18.0,78,13.3,4,40.41,110.86,1.5,1.62,288.57,82.83
2026-03-19 04:00:00,19.2,73,13.3,4,39.82,114.38,1.5,1.9,300.28,86.92
2026-03-19 05:00:00,21.4,64,13.6,4,40.74,119.71,1.33,2.01,308.25,89.45
2026-03-19 06:00:00,23.3,56,13.3,4,42.79,128.45,1.09,2.02,310.79,92.87
2026-03-19 07:00:00,25.0,50,9.8,4,40.27,124.14,0.83,1.83,280.36,98.71
2026-03-19 08:00:00,26.0,46,8.1,4,36.26,113.26,0.7,1.57,251.66,99.14
2026-03-19 09:00:00,26.1,46,8.3,4,34.3,109.06,0.67,1.46,238.31,98.59
2026-03-19 10:00:00,25.6,47,7.5,4,33.99,108.99,0.75,1.53,234.93,99.17
2026-03-19 11:00:00,25.0,48,3.9,4,34.43,111.01,0.83,1.65,233.34,98.64
2026-03-19 12:00:00,24.6,48,6.6,4,34.86,112.24,0.9,1.69,233.68,98.03
2026-03-19 13:00:00,23.5,55,4.9,4,36.22,118.33,1.1,1.59,239.03,94.78
2026-03-19 14:00:00,22.0,61,3.5,4,39.03,129.89,1.43,1.4,252.45,89.7
2026-03-19 15:00:00,21.6,63,2.3,4,42.02,140.51,1.74,1.16,267.37,84.75
2026-03-19 16:00:00,21.0,65,1.7,4,44.61,147.41,1.89,0.84,276.88,77.91
2026-03-19 17:00:00,19.9,69,3.3,4,47.39,154.35,2.03,0.58,287.74,70.85
2026-03-19 18:00:00,19.5,69,4.3,4,50.13,162.8,2.18,0.41,298.63,64.76
2026-03-19 19:00:00,19.0,73,6.4,4,52.29,169.96,2.28,0.28,303.7,59.01
2026-03-19 20:00:00,18.5,75,7.8,4,54.35,175.84,2.37,0.2,310.1,54.18
2026-03-19 21:00:00,18.2,74,7.4,4,56.14,180.3,2.48,0.15,318.3,49.81
2026-03-19 22:00:00,17.9,75,9.6,4,57.44,181.55,2.67,0.13,328.71,45.66
2026-03-19 23:00:00,18.2,71,12.6,4,58.48,179.14,2.82,0.12,338.09,42.13
2026-03-20 00:00:00,17.1,80,6.1,4,59.24,167.44,2.9,0.11,344.25,38.89
2026-03-21 00:00:00,19.7,77,4.2,4,50.04,168.88,0.9,0.53,230.56,77.97
2026-03-21 01:00:00,19.9,76,1.3,4,47.66,159.99,1.09,0.72,244.74,75.34
2026-03-21 02:00:00,19.9,79,1.3,4,45.15,152.24,1.32,0.84,257.65,71.98
2026-03-21 03:00:00,22.0,70,4.9,4,41.65,143.72,1.63,0.92,264.46,68.87
2026-03-21 04:00:00,24.2,60,5.9,4,37.17,131.5,1.74,1.01,259.57,68.48
2026-03-21 05:00:00,25.4,55,7.1,4,34.08,121.79,1.55,0.98,249.79,69.57
2026-03-21 06:00:00,25.8,56,9.7,4,32.62,117.89,1.11,0.91,238.65,74.14
2026-03-21 07:00:00,26.8,51,13.5,4,29.55,111.7,0.88,0.83,217.95,79.7
2026-03-21 08:00:00,25.3,54,19.1,4,26.63,105.98,0.72,0.82,195.75,83.29
2026-03-21 09:00:00,22.0,71,17.9,4,25.08,101.71,0.61,0.87,180.39,86.77
2026-03-21 10:00:00,22.0,69,16.5,3,17.87,70.65,0.44,0.67,155.32,93.61
2026-03-21 11:00:00,23.9,60,16.4,3,14.08,54.78,0.39,0.56,143.63,95.6
2026-03-21 12:00:00,24.1,64,19.4,3,13.19,52.24,0.41,0.54,141.29,95.74
2026-03-21 13:00:00,23.2,67,12.4,3,14.6,59.09,0.56,0.57,144.65,91.76
2026-03-21 14:00:00,22.0,72,6.5,3,17.45,71.46,0.76,0.6,153.06,85.46
2026-03-21 15:00:00,21.0,76,6.0,3,19.95,81.58,0.89,0.57,161.73,80.09
2026-03-21 16:00:00,20.2,78,7.1,3,21.76,88.22,1.0,0.52,166.88,74.85
2026-03-21 17:00:00,19.5,81,5.9,3,23.9,95.95,1.08,0.52,173.96,72.58
2026-03-21 18:00:00,19.9,81,8.4,4,26.15,105.2,1.08,0.56,179.31,73.34
2026-03-21 19:00:00,19.8,83,9.3,4,27.6,112.35,1.02,0.59,179.77,74.59
2026-03-21 20:00:00,19.4,87,9.3,4,29.13,116.05,1.03,0.53,183.15,72.21
2026-03-21 21:00:00,19.1,88,8.8,4,30.65,120.62,1.04,0.47,186.36,68.83
2026-03-21 22:00:00,18.9,89,10.2,4,32.33,124.63,1.08,0.39,190.16,64.15
2026-03-21 23:00:00,18.8,89,8.1,4,34.32,128.77,1.11,0.31,195.27,59.1
2026-03-22 00:00:00,18.5,91,8.1,4,36.3,133.93,1.13,0.25,199.68,54.64
2026-03-22 00:00:00,18.5,91,8.1,4,36.3,133.93,1.13,0.25,199.68,54.64
2026-03-22 01:00:00,18.0,94,6.6,4,38.21,139.98,1.16,0.23,204.03,50.88
2026-03-22 02:00:00,18.5,94,5.9,4,40.33,149.45,1.24,0.26,212.09,48.45
2026-03-22 03:00:00,19.9,88,7.0,4,42.65,161.33,1.3,0.3,221.2,47.48
2026-03-22 04:00:00,22.0,77,8.2,4,44.72,183.08,1.0,0.4,224.77,54.98
2026-03-22 05:00:00,24.4,62,9.3,4,47.44,194.55,0.74,0.56,229.24,62.15
2026-03-22 06:00:00,24.2,62,12.1,5,51.69,205.75,0.56,0.83,236.82,70.29
2026-03-22 07:00:00,26.5,52,11.2,5,51.41,223.58,0.43,1.67,215.21,86.96
2026-03-22 08:00:00,27.5,49,10.4,5,48.87,213.09,0.42,2.14,199.46,92.68
2026-03-22 09:00:00,28.2,47,6.5,5,48.3,204.34,0.5,2.53,196.4,95.66
2026-03-22 10:00:00,28.5,45,6.2,4,39.97,160.63,0.6,2.44,187.36,96.52
2026-03-22 11:00:00,27.8,47,8.9,4,31.91,123.03,0.69,2.1,177.71,94.46
2026-03-22 12:00:00,28.6,44,5.0,4,29.37,110.28,0.83,1.97,178.14,93.96
2026-03-22 13:00:00,27.0,49,8.7,4,29.94,108.12,1.16,1.74,186.56,88.37
2026-03-22 14:00:00,25.2,52,8.5,4,32.4,113.12,1.76,1.37,204.46,79.48
2026-03-22 15:00:00,23.5,61,4.6,4,34.84,119.72,2.41,1.03,225.97,72.41
2026-03-22 16:00:00,23.1,63,2.6,4,36.67,126.04,2.78,0.78,240.94,66.06
2026-03-22 17:00:00,22.0,68,4.7,4,38.27,130.13,3.2,0.63,257.19,60.27
2026-03-22 18:00:00,22.5,65,5.7,4,38.93,127.74,3.77,0.54,274.91,55.55
2026-03-22 19:00:00,22.7,65,6.3,4,37.11,118.87,3.94,0.49,278.26,56.11
2026-03-22 20:00:00,21.5,72,3.5,4,36.38,111.85,4.07,0.4,285.92,51.42
2026-03-22 21:00:00,20.7,74,5.9,4,36.23,109.61,4.2,0.35,296.43,47.17
2026-03-22 22:00:00,20.1,76,5.7,4,36.03,108.21,4.33,0.3,306.21,43.03
2026-03-22 23:00:00,19.7,78,4.5,4,36.55,110.34,4.47,0.24,317.37,38.69
2026-03-23 00:00:00,20.0,75,0.8,4,37.6,116.24,4.52,0.22,325.01,35.41
2026-03-23 00:00:00,20.0,75,0.8,4,37.6,116.24,4.52,0.22,325.01,35.41
2026-03-23 01:00:00,19.1,79,3.0,4,38.79,123.71,4.57,0.23,330.92,32.73
2026-03-23 02:00:00,19.4,79,5.0,4,40.3,132.08,4.73,0.27,344.35,30.45
2026-03-23 03:00:00,22.8,66,6.1,4,41.78,140.18,3.97,0.32,360.27,31.18
2026-03-23 04:00:00,26.2,53,6.5,4,43.2,148.49,2.92,0.42,362.13,42.22
2026-03-23 05:00:00,28.2,45,9.6,4,47.71,158.08,2.33,0.45,362.36,57.95
2026-03-23 06:00:00,29.7,40,7.6,4,56.37,171.49,1.57,0.49,361.16,78.22
2026-03-23 07:00:00,31.0,36,6.6,4,29.19,103.11,0.46,1.8,201.15,95.45
2026-03-23 08:00:00,32.0,32,5.7,3,18.51,65.71,0.29,0.99,162.12,92.12
2026-03-23 09:00:00,32.5,29,5.4,3,16.39,58.76,0.27,0.73,153.06,91.26
2026-03-23 10:00:00,32.8,27,4.7,3,16.19,59.16,0.29,0.61,150.61,92.43
2026-03-23 11:00:00,32.7,27,4.2,3,16.85,63.77,0.31,0.53,149.22,93.12
2026-03-23 12:00:00,32.3,25,6.2,3,17.64,69.3,0.36,0.48,148.86,93.74
2026-03-23 13:00:00,29.0,34,6.3,3,19.59,78.56,0.64,0.49,156.18,89.49
2026-03-23 14:00:00,26.8,31,7.5,3,22.95,92.41,1.03,0.53,170.94,81.55
2026-03-23 15:00:00,25.7,35,2.4,4,26.94,108.51,1.29,0.55,186.18,74.8
2026-03-23 16:00:00,24.1,37,4.9,4,30.78,124.76,1.38,0.53,194.09,68.91
2026-03-23 17:00:00,23.2,42,7.4,4,35.06,144.28,1.35,0.5,197.91,66.67
2026-03-23 18:00:00,23.6,48,8.7,4,39.37,165.55,1.18,0.46,194.01,67.5
2026-03-23 19:00:00,23.6,51,7.6,4,42.81,178.59,0.93,0.39,181.45,68.41
2026-03-23 20:00:00,22.5,54,7.1,4,45.61,180.79,0.91,0.3,179.58,63.9
2026-03-23 21:00:00,21.8,57,6.0,4,47.76,184.13,0.92,0.23,178.59,59.6
2026-03-23 22:00:00,20.7,60,5.0,4,49.44,187.02,0.96,0.18,178.53,55.49
2026-03-23 23:00:00,20.1,63,3.4,4,51.29,188.67,1.03,0.15,180.45,51.91
2026-03-24 00:00:00,20.6,63,1.1,4,53.13,190.41,1.09,0.13,183.26,48.85
2026-03-24 00:00:00,20.6,63,1.1,4,53.13,190.41,1.09,0.13,183.26,48.85
2026-03-24 01:00:00,19.9,66,3.1,4,54.35,191.24,1.16,0.12,185.12,45.83
2026-03-24 02:00:00,20.5,70,2.2,4,55.77,195.09,1.31,0.16,192.38,43.01
2026-03-24 03:00:00,23.8,61,0.8,5,57.11,201.23,1.35,0.2,201.94,41.15
2026-03-24 04:00:00,27.9,47,3.1,5,57.79,208.85,1.11,0.23,206.4,42.79
2026-03-24 05:00:00,30.7,36,3.3,5,58.69,215.87,0.87,0.25,205.24,48.28
2026-03-24 06:00:00,32.3,29,3.5,5,60.56,226.34,0.64,0.26,200.43,56.82
2026-03-24 07:00:00,33.5,24,4.8,4,27.98,133.28,0.21,0.14,137.08,87.27
2026-03-24 08:00:00,34.2,22,4.8,3,19.16,87.59,0.23,0.14,128.38,92.12
2026-03-24 09:00:00,34.7,21,5.6,3,17.19,78.3,0.25,0.13,124.78,92.32
2026-03-24 10:00:00,34.7,20,6.7,3,17.08,78.71,0.28,0.13,124.73,92.51
2026-03-24 11:00:00,34.3,20,8.0,3,18.35,86.34,0.31,0.14,125.81,91.32
2026-03-24 12:00:00,33.2,25,4.7,3,19.78,94.85,0.36,0.16,127.83,89.77
2026-03-24 13:00:00,31.3,36,1.8,4,21.8,104.0,0.64,0.23,136.36,85.09
2026-03-24 14:00:00,29.3,32,1.3,4,24.48,113.4,1.02,0.34,152.03,78.48
2026-03-24 15:00:00,27.9,34,0.8,4,27.16,122.7,1.3,0.42,167.86,73.71
2026-03-24 16:00:00,26.0,37,4.1,4,29.34,128.92,1.39,0.46,177.1,68.62
2026-03-24 17:00:00,24.2,42,6.1,4,31.76,136.75,1.43,0.47,185.71,64.57
2026-03-24 18:00:00,25.0,40,5.1,4,33.94,146.09,1.42,0.44,190.01,61.58
2026-03-24 19:00:00,24.7,41,5.9,4,35.7,155.5,1.35,0.38,188.78,60.38
2026-03-24 20:00:00,24.9,42,10.8,4,37.17,159.55,1.37,0.33,190.37,60.16
2026-03-24 21:00:00,24.1,45,9.4,4,37.82,157.39,1.45,0.31,193.37,60.36
2026-03-24 22:00:00,23.5,48,7.5,4,35.72,146.91,1.53,0.31,192.21,63.72
2026-03-24 23:00:00,23.5,48,8.5,4,33.95,132.53,1.72,0.35,196.37,60.97
2026-03-25 00:00:00,23.8,50,7.1,4,32.71,123.21,1.87,0.47,198.25,57.12
2026-03-25 00:00:00,23.8,50,7.1,4,32.71,123.21,1.87,0.47,198.25,57.12
2026-03-25 01:00:00,24.3,47,7.8,4,31.67,117.12,2.0,0.68,194.7,52.97
2026-03-25 02:00:00,23.5,55,3.0,4,30.98,112.4,2.27,1.03,194.17,49.64
2026-03-25 03:00:00,25.5,48,0.4,4,30.29,107.97,2.54,1.5,192.59,47.98
2026-03-25 04:00:00,26.5,46,1.4,4,29.85,105.25,2.33,1.98,190.14,50.43
2026-03-25 05:00:00,27.9,43,3.0,4,31.27,105.75,2.04,2.14,198.5,58.06
2026-03-25 06:00:00,30.5,38,5.4,4,36.21,110.85,1.73,2.13,213.83,72.21
2026-03-25 07:00:00,30.7,38,9.5,3,21.35,65.96,0.87,2.32,140.96,80.4
2026-03-25 08:00:00,29.9,41,15.1,2,16.36,47.03,0.47,1.15,118.82,78.62
2026-03-25 09:00:00,30.9,36,6.2,2,15.65,43.93,0.33,0.58,111.62,77.74
2026-03-25 10:00:00,28.6,41,9.0,2,16.09,44.95,0.29,0.38,109.07,78.3
2026-03-25 11:00:00,30.9,36,2.6,2,17.35,49.39,0.3,0.37,108.25,78.7
2026-03-25 12:00:00,32.8,26,6.8,3,19.23,55.86,0.35,0.44,109.22,79.24
2026-03-25 13:00:00,31.1,35,1.4,3,21.93,66.08,0.63,0.52,116.5,76.08
2026-03-25 14:00:00,28.0,39,8.5,3,25.05,78.04,1.06,0.6,130.11,70.62
2026-03-25 15:00:00,26.2,44,9.9,3,27.84,88.47,1.37,0.63,144.81,66.43
2026-03-25 16:00:00,25.4,46,8.2,3,29.78,95.94,1.53,0.61,154.19,62.29
2026-03-25 17:00:00,24.6,50,7.7,4,31.55,102.1,1.63,0.58,162.85,60.98
2026-03-25 18:00:00,25.7,46,9.9,4,32.05,103.27,1.69,0.52,167.02,61.99
2026-03-25 19:00:00,24.6,50,3.2,3,30.85,98.32,1.64,0.45,164.29,63.41
2026-03-25 20:00:00,24.2,50,7.7,3,30.53,95.3,1.64,0.39,165.85,62.97
2026-03-25 21:00:00,23.1,54,2.7,3,30.98,95.84,1.63,0.34,168.12,61.27
2026-03-25 22:00:00,22.0,57,5.9,3,31.59,97.3,1.62,0.31,169.51,58.68
2026-03-25 23:00:00,22.4,62,15.8,4,33.04,101.31,1.62,0.28,173.02,56.03
2026-03-26 00:00:00,22.1,68,16.2,4,35.07,107.49,1.63,0.26,177.8,53.18
2026-03-26 00:00:00,22.1,68,16.2,4,35.07,107.49,1.63,0.26,177.8,53.18
2026-03-26 01:00:00,21.6,72,16.3,4,37.04,114.37,1.65,0.25,181.98,49.69
2026-03-26 02:00:00,21.6,72,15.5,4,39.1,122.52,1.79,0.27,190.32,46.88
2026-03-26 03:00:00,22.5,68,16.0,4,40.93,131.12,1.88,0.33,198.44,45.91
2026-03-26 04:00:00,23.1,65,15.0,4,42.57,140.98,1.8,0.55,200.29,51.03
2026-03-26 05:00:00,25.2,57,16.1,4,44.4,146.36,1.58,0.87,204.0,56.21
2026-03-26 06:00:00,26.7,52,18.1,4,46.86,152.62,1.29,1.32,205.04,64.5
2026-03-26 07:00:00,28.8,46,17.4,4,45.81,146.47,1.21,2.53,189.92,74.13
2026-03-26 08:00:00,29.0,45,16.6,4,42.6,132.71,1.12,2.94,179.0,77.98
2026-03-26 09:00:00,28.4,46,16.3,4,41.67,126.3,1.09,2.98,176.48,80.84
2026-03-26 10:00:00,26.9,50,20.2,4,41.05,121.37,1.1,3.01,175.42,83.27
2026-03-26 11:00:00,26.1,53,21.8,4,40.86,118.93,1.16,3.07,175.13,83.81
2026-03-26 12:00:00,28.7,45,17.1,4,40.9,117.88,1.23,3.08,177.6,84.05
2026-03-26 13:00:00,25.9,53,19.6,4,41.8,122.62,1.38,3.12,183.61,84.56
2026-03-26 14:00:00,24.8,57,15.9,4,43.21,129.73,1.55,3.31,193.74,85.34
2026-03-26 15:00:00,24.1,59,19.0,4,43.76,131.54,1.69,3.58,205.16,86.65
2026-03-26 16:00:00,22.7,63,17.4,4,42.31,125.82,1.8,3.64,211.71,86.52
2026-03-26 17:00:00,21.8,66,15.8,4,40.95,121.16,1.89,3.48,219.3,86.82
2026-03-26 18:00:00,21.2,69,11.8,4,39.47,117.01,1.95,3.24,227.12,86.37
2026-03-26 19:00:00,20.4,72,8.5,4,37.64,112.19,1.95,2.81,232.18,84.03
2026-03-26 20:00:00,19.8,75,6.5,4,36.17,108.87,1.96,2.31,239.97,81.33
2026-03-26 21:00:00,19.0,79,4.7,4,34.8,106.13,1.96,1.93,247.96,78.46
2026-03-26 22:00:00,18.6,81,6.0,4,33.18,103.29,1.94,1.64,253.97,74.88
2026-03-26 23:00:00,18.5,81,7.1,4,32.06,102.04,1.94,1.39,260.29,71.72
2026-03-27 00:00:00,18.2,82,6.0,4,31.27,102.16,1.92,1.21,264.84,68.55
2026-03-27 00:00:00,18.2,82,6.0,4,31.27,102.16,1.92,1.21,264.84,68.55
2026-03-27 01:00:00,17.6,86,4.4,4,30.54,102.79,1.89,1.14,267.14,65.83
2026-03-27 02:00:00,18.3,83,3.1,4,30.46,106.57,1.95,1.25,270.22,64.26
2026-03-27 03:00:00,20.3,75,3.2,4,31.07,112.92,1.92,1.45,273.83,64.69
2026-03-27 04:00:00,23.5,62,3.7,4,32.74,121.19,1.56,1.59,275.02,68.62
2026-03-27 05:00:00,26.6,48,2.5,4,35.95,130.07,1.17,1.68,274.49,76.56
2026-03-27 06:00:00,28.8,42,5.1,4,41.12,140.93,0.86,1.98,270.61,87.0
2026-03-27 07:00:00,30.5,38,6.5,4,44.17,135.11,0.72,6.15,231.63,111.28
2026-03-27 08:00:00,32.0,35,8.0,4,43.93,126.8,0.6,6.43,211.76,117.54
2026-03-27 09:00:00,33.0,32,10.6,4,44.67,124.25,0.55,5.75,207.42,119.17
2026-03-27 10:00:00,33.3,31,15.7,4,36.2,101.13,0.45,3.76,187.99,107.87
2026-03-27 11:00:00,32.8,32,16.6,3,29.27,85.23,0.4,2.4,169.49,95.92
2026-03-27 12:00:00,32.5,32,16.2,3,28.95,86.25,0.44,2.05,167.13,93.18
2026-03-27 13:00:00,31.0,35,11.4,3,32.99,98.68,0.69,2.02,178.07,92.61
2026-03-27 14:00:00,29.0,38,10.0,4,38.95,116.44,1.04,2.0,195.24,90.52
2026-03-27 15:00:00,27.5,42,7.9,4,44.13,132.84,1.15,1.88,209.24,87.38
2026-03-27 16:00:00,26.0,48,8.4,4,47.65,145.45,1.1,1.67,215.41,83.35
2026-03-27 17:00:00,25.5,50,9.9,4,50.4,154.71,1.06,1.46,220.07,80.12
2026-03-27 18:00:00,25.5,51,7.9,4,50.92,157.09,1.03,1.22,218.83,77.17
2026-03-27 19:00:00,24.9,54,6.8,4,46.95,147.95,0.96,0.96,207.01,73.72
2026-03-27 20:00:00,24.2,56,7.0,4,41.34,133.25,1.01,0.81,197.65,69.02
2026-03-27 21:00:00,23.4,60,7.2,4,34.1,116.33,1.19,0.81,189.31,62.44
2026-03-27 22:00:00,23.1,61,7.8,3,26.47,99.36,1.43,0.83,178.93,54.22
2026-03-27 23:00:00,23.1,61,9.2,3,21.19,87.94,1.65,0.79,170.7,46.82
2026-03-28 00:00:00,22.2,67,3.8,3,17.9,81.72,1.79,0.72,163.31,41.35
2026-03-28 00:00:00,22.2,67,3.8,3,17.9,81.72,1.79,0.72,163.31,41.35
2026-03-28 01:00:00,21.7,70,5.1,3,16.2,79.74,1.84,0.65,156.44,37.55
2026-03-28 02:00:00,23.0,67,6.5,3,15.76,81.26,1.84,0.62,152.03,35.55
2026-03-28 03:00:00,24.8,62,6.8,3,15.77,83.55,1.43,0.61,146.93,35.92
2026-03-28 04:00:00,26.2,58,9.3,3,16.07,85.62,1.03,0.66,140.26,40.29
2026-03-28 05:00:00,27.9,56,9.0,3,16.98,87.58,0.71,0.72,133.48,48.24
2026-03-28 06:00:00,30.5,50,8.2,3,18.46,89.16,0.51,0.84,126.96,55.89
2026-03-28 07:00:00,32.8,43,9.1,3,13.82,63.48,0.32,1.05,112.61,56.99
2026-03-28 08:00:00,34.5,38,9.7,2,10.51,47.13,0.23,0.84,106.62,55.65
2026-03-28 09:00:00,35.5,33,11.7,2,9.19,40.91,0.21,0.71,104.92,55.33
2026-03-28 10:00:00,34.6,29,19.5,2,7.76,34.18,0.21,0.61,106.13,55.56
2026-03-28 11:00:00,34.0,29,13.9,2,6.8,30.38,0.24,0.55,106.28,54.6
2026-03-28 12:00:00,34.5,30,6.3,2,6.41,30.07,0.31,0.56,106.0,53.56
2026-03-28 13:00:00,33.0,42,1.8,2,7.04,36.58,0.43,0.7,107.0,53.43
2026-03-28 14:00:00,30.5,40,4.5,2,7.87,44.22,0.57,0.95,109.02,53.46
2026-03-28 15:00:00,29.4,42,6.5,2,7.65,44.62,0.66,1.11,110.97,51.89
2026-03-28 16:00:00,28.4,42,6.5,2,7.09,42.8,0.72,1.0,111.12,47.62
2026-03-28 17:00:00,28.8,38,9.9,2,7.24,45.06,0.78,0.79,113.28,44.22
2026-03-28 18:00:00,29.6,40,15.2,3,8.09,50.56,0.85,0.64,116.31,42.55
2026-03-28 19:00:00,29.0,43,14.1,3,9.41,57.68,0.93,0.57,118.21,41.79
2026-03-28 20:00:00,27.8,46,11.8,3,10.85,64.11,1.0,0.54,121.38,42.59
2026-03-28 21:00:00,26.8,49,10.8,3,11.98,68.74,1.0,0.53,123.52,44.0
2026-03-28 22:00:00,24.9,56,6.6,3,12.58,70.71,0.97,0.54,123.15,45.2
2026-03-28 23:00:00,24.1,62,8.6,3,12.89,71.62,0.95,0.58,123.3,46.82
2026-03-29 00:00:00,22.8,84,8.7,3,12.87,71.18,0.94,0.65,123.71,48.56
2026-03-29 00:00:00,22.8,84,8.7,3,12.87,71.18,0.94,0.65,123.71,48.56
2026-03-29 01:00:00,22.3,86,7.8,3,12.62,70.14,0.93,0.72,123.49,50.45
2026-03-29 02:00:00,22.9,83,8.6,3,12.53,70.58,0.97,0.79,124.47,53.27
2026-03-29 03:00:00,24.3,76,11.4,3,12.55,71.74,0.91,0.85,125.89,58.04
2026-03-29 04:00:00,26.2,67,12.0,3,12.77,73.55,0.71,0.88,126.2,65.87
2026-03-29 05:00:00,27.9,59,11.1,3,13.39,76.38,0.52,0.92,126.18,75.01
2026-03-29 06:00:00,29.2,54,12.8,3,14.41,79.85,0.39,0.94,126.17,83.39
2026-03-29 07:00:00,29.8,52,9.6,3,14.68,77.83,0.33,1.02,125.32,94.89
2026-03-29 08:00:00,30.9,47,4.8,3,14.7,75.65,0.3,1.04,122.9,102.92
2026-03-29 09:00:00,31.4,44,4.3,3,14.63,75.28,0.28,0.97,120.06,110.64
2026-03-29 10:00:00,32.0,43,0.9,3,11.69,60.68,0.25,0.78,113.09,122.57
2026-03-29 11:00:00,32.0,42,3.8,3,9.37,50.38,0.24,0.61,106.39,129.91
2026-03-29 12:00:00,32.2,38,2.4,3,8.66,47.62,0.28,0.57,103.77,132.3
2026-03-29 13:00:00,31.0,52,1.9,3,9.22,51.17,0.39,0.58,106.6,132.41
2026-03-29 14:00:00,29.2,45,8.3,3,10.56,58.25,0.53,0.58,113.07,131.55
2026-03-29 15:00:00,28.0,53,22.1,3,11.14,58.37,0.6,0.61,121.23,131.12
2026-03-29 16:00:00,25.3,63,21.7,3,11.31,56.07,0.65,0.73,127.32,128.22
2026-03-29 17:00:00,24.0,68,18.7,3,11.71,56.26,0.75,1.05,135.02,126.83
2026-03-29 18:00:00,24.0,70,12.7,3,12.03,57.18,0.88,1.48,141.82,124.09
2026-03-29 19:00:00,23.4,71,10.2,3,12.04,57.23,1.0,1.9,145.48,119.33
2026-03-29 20:00:00,23.0,73,9.4,3,12.31,58.98,1.1,2.24,149.79,116.12
2026-03-29 21:00:00,22.0,77,7.6,3,12.79,61.68,1.12,2.41,153.07,113.64
2026-03-29 22:00:00,21.2,81,5.6,3,13.26,63.99,1.06,2.31,153.55,111.36
2026-03-29 23:00:00,20.6,84,6.4,3,14.0,67.19,0.98,2.08,154.75,110.51
2026-03-30 00:00:00,21.8,79,9.1,3,14.82,70.72,0.88,1.8,155.06,110.71
2026-03-30 00:00:00,21.8,79,9.1,3,14.82,70.72,0.88,1.8,155.06,110.71
2026-03-30 01:00:00,21.2,81,8.4,3,15.46,73.64,0.78,1.52,152.35,109.73
2026-03-30 02:00:00,21.6,79,11.1,3,16.06,76.91,0.78,1.35,150.86,110.61
2026-03-30 03:00:00,23.1,72,12.1,3,16.54,79.53,0.81,1.27,149.38,112.17
2026-03-30 04:00:00,25.1,62,9.4,3,16.64,79.83,0.65,1.32,146.75,115.17
2026-03-30 05:00:00,26.9,52,5.2,3,16.56,78.23,0.47,1.33,142.49,117.18
2026-03-30 06:00:00,27.8,50,3.3,3,16.62,76.12,0.36,1.35,138.25,118.8
2026-03-30 07:00:00,29.3,41,6.8,3,13.93,60.27,0.3,1.23,130.12,125.03
2026-03-30 08:00:00,30.5,36,6.9,3,11.27,47.12,0.27,0.94,122.11,127.99
2026-03-30 09:00:00,31.4,33,7.5,3,10.37,43.26,0.28,0.79,118.54,129.45
2026-03-30 10:00:00,31.7,30,7.2,3,9.93,42.0,0.3,0.71,118.02,132.0
2026-03-30 11:00:00,32.1,27,5.8,3,9.7,41.31,0.34,0.67,117.8,132.43
2026-03-30 12:00:00,32.3,25,2.9,3,9.63,40.83,0.4,0.66,118.17,132.27
2026-03-30 13:00:00,30.2,36,4.2,3,10.69,45.41,0.67,0.7,124.21,127.11
2026-03-30 14:00:00,27.8,37,3.5,3,12.54,53.97,1.07,0.78,136.33,117.59
2026-03-30 15:00:00,26.9,41,11.4,3,14.24,62.48,1.3,0.85,148.74,110.34
2026-03-30 16:00:00,25.9,46,9.2,3,15.62,69.72,1.33,0.85,154.6,104.07
2026-03-30 17:00:00,25.2,48,10.8,3,16.94,75.85,1.28,0.87,159.38,103.13
2026-03-30 18:00:00,24.9,52,9.8,3,17.85,79.72,1.21,0.96,161.74,105.92
2026-03-30 19:00:00,24.3,56,8.5,3,18.36,81.28,1.17,1.3,164.45,109.47
2026-03-30 20:00:00,23.8,57,10.6,3,19.36,83.61,1.27,1.83,174.19,109.94
2026-03-30 21:00:00,23.1,59,11.0,3,20.46,87.25,1.44,2.42,185.94,108.6
2026-03-30 22:00:00,22.9,61,13.8,3,21.35,88.0,1.66,2.73,196.84,102.05
2026-03-30 23:00:00,22.5,65,15.6,3,22.71,90.69,1.82,2.63,207.59,94.53
2026-03-31 00:00:00,22.8,70,16.7,3,24.32,96.65,1.91,2.37,216.8,88.25
2026-03-31 00:00:00,22.8,70,16.7,3,24.32,96.65,1.91,2.37,216.8,88.25
2026-03-31 01:00:00,22.5,69,17.2,4,25.83,104.03,1.94,2.14,222.85,82.36
2026-03-31 02:00:00,22.5,68,16.3,4,27.38,112.25,2.1,2.25,231.6,79.94
2026-03-31 03:00:00,23.5,65,18.2,4,28.89,121.38,2.06,2.64,237.64,81.87
2026-03-31 04:00:00,25.5,59,18.9,4,30.72,132.66,1.58,3.33,236.72,91.96
2026-03-31 05:00:00,27.5,52,18.5,4,33.5,140.33,1.07,3.56,233.84,101.05
2026-03-31 06:00:00,29.9,43,16.7,4,37.44,148.84,0.74,3.75,229.58,109.64
2026-03-31 07:00:00,31.1,37,12.0,4,26.03,101.78,0.38,2.57,171.7,123.46
2026-03-31 08:00:00,32.2,29,5.2,3,18.98,72.35,0.27,1.58,142.04,124.12
2026-03-31 09:00:00,32.8,24,4.3,3,17.88,67.31,0.26,1.33,134.04,123.59
2026-03-31 10:00:00,33.0,22,5.5,3,17.98,67.57,0.28,1.24,132.53,125.65
2026-03-31 11:00:00,33.0,21,6.6,3,18.11,68.87,0.3,1.17,131.38,125.89
2026-03-31 12:00:00,33.2,19,7.7,3,18.31,71.02,0.34,1.11,130.92,125.84
2026-03-31 13:00:00,30.4,33,4.0,3,19.63,77.2,0.63,1.11,138.09,120.56
2026-03-31 14:00:00,28.4,29,9.2,3,21.82,86.45,1.11,1.19,153.42,112.5
2026-03-31 15:00:00,27.4,37,15.3,3,24.1,96.08,1.58,1.44,171.62,106.0
2026-03-31 16:00:00,26.2,39,13.9,4,26.04,104.98,1.83,1.78,182.51,99.96
2026-03-31 17:00:00,25.5,42,14.5,4,28.1,115.22,1.87,1.98,190.36,95.44
2026-03-31 18:00:00,25.1,50,11.3,4,29.8,122.44,1.81,1.95,195.29,91.1
2026-03-31 19:00:00,24.8,53,13.4,4,30.3,124.31,1.37,1.82,188.96,92.91
2026-03-31 20:00:00,24.4,55,12.7,4,31.82,126.67,1.33,1.79,197.94,91.76
2026-03-31 21:00:00,24.0,57,11.5,4,33.55,130.75,1.32,1.81,208.21,89.38
2026-03-31 22:00:00,23.5,59,9.0,4,34.94,134.56,1.31,1.88,216.03,85.63
2026-03-31 23:00:00,23.5,59,10.4,4,36.38,139.18,1.32,1.99,224.73,82.0
2026-04-01 00:00:00,22.8,63,13.0,4,37.6,142.83,1.32,2.05,233.45,78.37
2026-04-01 00:00:00,22.8,63,13.0,4,37.6,142.83,1.32,2.05,233.45,78.37
2026-04-01 01:00:00,22.5,64,11.5,4,38.59,145.54,1.36,2.01,241.73,74.32
2026-04-01 02:00:00,22.8,63,11.7,4,39.93,150.38,1.53,1.94,253.79,70.84
2026-04-01 03:00:00,23.5,59,10.3,4,41.45,157.39,1.74,1.93,266.57,68.58
2026-04-01 04:00:00,24.5,55,11.5,4,42.75,165.59,1.8,1.96,274.39,68.41
2026-04-01 05:00:00,25.6,51,9.7,4,44.01,172.64,1.63,2.0,278.27,71.0
2026-04-01 06:00:00,28.0,47,12.1,4,45.81,181.28,1.29,2.04,278.59,77.6
2026-04-01 07:00:00,30.4,40,10.9,4,36.86,153.77,0.49,1.61,198.78,118.8
2026-04-01 08:00:00,31.8,34,7.8,4,29.98,116.57,0.33,1.21,167.19,125.5
2026-04-01 09:00:00,32.3,28,7.5,4,28.04,106.56,0.33,1.1,158.11,124.9
2026-04-01 10:00:00,32.3,24,8.1,3,26.41,99.47,0.32,1.03,152.83,124.96
2026-04-01 11:00:00,31.5,24,7.6,3,24.11,91.74,0.34,0.93,146.31,122.91
2026-04-01 12:00:00,30.9,27,9.9,3,22.74,88.35,0.37,0.88,142.71,121.29
2026-04-01 13:00:00,29.5,31,5.4,3,23.57,92.91,0.61,0.88,147.49,114.81
2026-04-01 14:00:00,26.6,36,5.2,4,25.84,102.3,0.94,0.9,160.01,104.41
2026-04-01 15:00:00,26.8,41,0.9,4,28.28,111.88,1.19,0.93,173.65,95.65
2026-04-01 16:00:00,25.4,40,15.5,4,30.36,121.73,1.35,0.94,183.33,89.1
2026-04-01 17:00:00,24.6,48,15.1,4,32.69,132.68,1.51,1.0,193.54,87.18
2026-04-01 18:00:00,24.8,54,14.5,4,35.11,141.36,1.88,1.11,207.45,85.25
2026-04-01 19:00:00,24.2,58,13.4,4,37.14,146.19,2.38,1.24,222.77,81.86
2026-04-01 20:00:00,23.7,62,13.0,4,39.59,151.33,2.76,1.3,240.06,76.82
2026-04-01 21:00:00,23.0,65,14.7,4,42.14,156.52,2.93,1.23,253.94,70.54
2026-04-01 22:00:00,22.6,66,16.6,4,43.76,154.4,2.9,1.13,262.5,63.96
2026-04-01 23:00:00,22.1,69,16.0,4,44.99,150.98,2.82,1.21,273.44,60.34
2026-04-02 00:00:00,21.5,70,16.7,4,45.75,146.97,2.77,1.38,286.21,58.06
2026-04-02 00:00:00,21.5,70,16.7,4,45.75,146.97,2.77,1.38,286.21,58.06
2026-04-02 01:00:00,21.3,69,18.9,4,45.48,141.83,2.73,1.74,297.46,56.97
2026-04-02 02:00:00,21.4,66,18.3,4,45.26,138.77,2.93,2.13,313.53,56.32
2026-04-02 03:00:00,22.7,59,17.9,4,44.89,137.58,3.01,2.55,325.66,58.01
2026-04-02 04:00:00,24.9,53,19.8,4,44.36,143.02,2.81,3.13,328.71,66.2
2026-04-02 05:00:00,27.1,46,20.2,4,44.98,144.07,2.22,3.46,326.58,75.77
2026-04-02 06:00:00,29.5,41,15.1,4,47.75,149.08,1.59,3.74,322.71,89.76
2026-04-02 07:00:00,31.0,37,10.0,4,50.6,160.82,1.07,3.48,303.32,104.77
2026-04-02 08:00:00,31.8,33,4.4,4,51.66,149.22,0.83,3.26,299.24,111.0
2026-04-02 09:00:00,31.9,30,4.9,4,50.57,126.1,0.72,3.03,299.86,113.96
2026-04-02 10:00:00,27.0,43,16.2,4,45.39,101.31,0.66,2.34,283.95,112.86
2026-04-02 11:00:00,23.9,71,15.1,3,39.04,85.22,0.66,1.71,258.78,110.83
2026-04-02 12:00:00,22.5,72,12.8,3,33.0,73.91,0.66,1.19,232.93,107.15
2026-04-02 13:00:00,21.9,75,13.3,3,30.19,74.67,0.7,0.82,218.03,103.56
2026-04-02 14:00:00,20.9,83,18.9,3,30.45,84.81,0.73,0.61,215.11,99.61
2026-04-02 15:00:00,19.5,89,11.6,3,31.13,95.29,0.74,0.46,215.0,96.32
2026-04-02 16:00:00,19.4,88,3.9,4,31.45,101.96,0.77,0.34,216.0,92.65
2026-04-02 17:00:00,19.2,91,1.8,4,31.59,104.14,0.83,0.3,221.14,90.12
2026-04-02 18:00:00,18.5,94,3.9,4,31.22,102.18,0.91,0.29,226.82,88.35
2026-04-02 19:00:00,17.7,96,5.5,3,28.95,87.34,0.98,0.32,229.6,87.31
2026-04-02 20:00:00,17.5,96,5.4,3,26.55,73.4,0.99,0.34,230.71,87.47
2026-04-02 21:00:00,16.8,97,4.7,3,24.92,66.77,0.93,0.34,230.57,88.24
2026-04-02 22:00:00,16.2,97,4.3,3,24.33,66.7,0.89,0.33,230.92,88.54
2026-04-02 23:00:00,16.1,97,5.8,3,24.75,70.97,0.86,0.31,233.19,88.28
2026-04-03 00:00:00,16.5,98,7.6,3,25.41,76.47,0.82,0.29,235.11,86.64
2026-04-03 00:00:00,16.5,98,7.6,3,25.41,76.47,0.82,0.29,235.11,86.64
2026-04-03 01:00:00,16.2,97,6.1,3,25.89,82.57,0.81,0.28,235.52,84.34
2026-04-03 02:00:00,16.9,95,9.3,3,26.25,88.1,0.91,0.33,237.84,81.24
2026-04-03 03:00:00,18.5,84,5.7,3,26.33,90.49,1.11,0.42,241.07,77.74
2026-04-03 04:00:00,20.4,69,8.8,3,25.49,86.76,1.18,0.6,240.1,75.12
2026-04-03 05:00:00,21.7,61,11.0,3,24.92,83.43,1.02,0.72,237.28,75.23
2026-04-03 06:00:00,23.5,57,12.5,3,25.29,83.95,0.76,0.78,233.94,77.72
2026-04-03 07:00:00,21.4,67,12.0,3,21.58,70.9,0.52,0.96,208.13,81.28
2026-04-03 08:00:00,23.1,58,10.5,3,18.52,61.02,0.41,0.95,188.62,80.31
2026-04-03 09:00:00,24.5,48,10.8,3,17.64,57.29,0.36,0.93,180.19,78.81
2026-04-03 10:00:00,24.6,43,11.4,3,15.79,50.27,0.36,0.86,171.14,82.0
2026-04-03 11:00:00,24.3,44,10.6,2,15.31,47.04,0.43,0.88,167.4,89.12
2026-04-03 12:00:00,24.2,51,11.2,2,15.22,45.7,0.57,0.97,168.22,95.4
2026-04-03 13:00:00,23.4,54,10.5,2,16.15,48.07,0.94,1.11,176.97,93.41
2026-04-03 14:00:00,20.6,68,15.1,3,18.42,56.02,1.41,1.09,193.25,85.63
2026-04-03 15:00:00,19.1,71,9.9,3,20.98,66.6,1.66,0.88,208.64,78.28
2026-04-03 16:00:00,18.3,74,1.6,3,23.15,77.36,1.84,0.65,216.22,70.61
2026-04-03 17:00:00,17.6,78,7.2,3,25.38,88.56,2.05,0.49,225.9,64.82
2026-04-03 18:00:00,17.3,82,5.5,3,27.34,97.32,2.31,0.36,236.68,59.71
2026-04-03 19:00:00,17.1,83,1.5,4,28.68,102.61,2.52,0.25,243.19,55.42
2026-04-03 20:00:00,17.0,84,0.4,4,29.99,107.51,2.58,0.18,247.21,51.55
2026-04-03 21:00:00,16.9,84,0.2,4,31.49,113.17,2.47,0.15,247.63,47.93
2026-04-03 22:00:00,16.8,84,0.4,4,32.97,119.44,2.26,0.15,244.35,44.32
2026-04-03 23:00:00,16.3,86,0.6,4,34.72,127.96,2.17,0.13,244.58,40.53
2026-04-04 00:00:00,16.3,90,3.8,4,36.42,138.39,2.09,0.11,243.72,37.42
2026-04-04 00:00:00,16.3,90,3.8,4,36.42,138.39,2.09,0.11,243.72,37.42
2026-04-04 01:00:00,15.7,93,4.5,4,37.57,148.96,2.03,0.11,241.68,34.95
2026-04-04 02:00:00,17.2,87,6.5,4,38.63,160.85,2.04,0.15,242.45,33.42
2026-04-04 03:00:00,20.5,74,1.7,4,39.68,173.2,1.69,0.2,246.07,34.6
2026-04-04 04:00:00,22.6,61,3.8,4,40.8,189.73,1.25,0.29,243.43,44.43
2026-04-04 05:00:00,24.5,50,2.9,4,42.42,193.5,0.91,0.33,241.72,55.29
2026-04-04 06:00:00,25.8,43,5.7,4,45.05,198.07,0.63,0.4,241.06,66.16
2026-04-04 07:00:00,26.9,39,7.9,4,29.3,147.4,0.32,2.69,165.11,106.97
2026-04-04 08:00:00,27.7,36,8.5,3,19.55,94.99,0.27,2.08,148.11,112.36
2026-04-04 09:00:00,27.9,35,6.4,3,16.89,79.86,0.28,1.77,144.28,112.93
2026-04-04 10:00:00,28.0,34,6.0,3,16.04,74.3,0.32,1.62,145.0,115.35
2026-04-04 11:00:00,27.8,34,6.7,3,16.09,73.71,0.38,1.51,146.59,116.58
2026-04-04 12:00:00,27.5,33,5.2,3,16.25,74.4,0.46,1.4,148.53,117.95
2026-04-04 13:00:00,25.9,41,6.3,3,17.71,80.17,0.75,1.24,155.57,112.21
2026-04-04 14:00:00,24.0,43,10.8,3,20.24,90.63,1.09,1.05,167.09,102.26
2026-04-04 15:00:00,22.2,48,7.8,4,22.92,102.95,1.25,0.89,178.72,94.24
2026-04-04 16:00:00,20.9,55,6.7,4,25.06,114.45,1.31,0.78,184.0,88.13
2026-04-04 17:00:00,20.6,56,8.1,4,27.05,125.1,1.36,0.73,188.33,84.65
2026-04-04 18:00:00,20.4,58,10.1,4,28.66,131.68,1.48,0.73,191.27,81.59
2026-04-04 19:00:00,20.2,62,12.7,4,29.5,132.44,1.63,0.73,190.26,76.67
2026-04-04 20:00:00,19.9,66,13.3,4,30.33,131.84,1.74,0.66,190.6,71.45
2026-04-04 21:00:00,19.5,69,13.8,4,31.02,131.39,1.78,0.58,192.19,66.67
2026-04-04 22:00:00,19.1,70,11.8,4,30.54,133.05,1.52,0.9,190.69,68.14
2026-04-04 23:00:00,18.6,72,9.9,4,31.03,134.12,1.5,0.82,197.57,66.45
2026-04-05 00:00:00,17.6,80,6.4,4,31.54,134.98,1.49,0.79,206.1,65.28
2026-04-05 00:00:00,17.6,80,6.4,4,31.54,134.98,1.49,0.79,206.1,65.28
2026-04-05 01:00:00,17.5,80,7.0,4,31.65,135.37,1.47,0.82,213.65,64.05
2026-04-05 02:00:00,18.5,75,8.5,4,32.21,137.47,1.56,0.87,222.49,61.29
2026-04-05 03:00:00,20.9,66,7.3,4,33.38,143.83,1.46,0.93,229.87,60.0
2026-04-05 04:00:00,23.2,56,7.3,4,35.43,155.77,1.14,0.99,234.8,63.75
2026-04-05 05:00:00,25.4,46,9.5,4,37.96,168.11,0.79,1.04,233.39,70.62
2026-04-05 06:00:00,27.1,41,8.4,4,41.15,182.77,0.56,1.14,228.11,78.36
2026-04-05 07:00:00,28.5,36,4.6,4,31.65,158.98,0.28,1.63,174.1,111.4
2026-04-05 08:00:00,29.0,34,2.4,4,24.01,117.48,0.23,1.37,151.17,117.51
2026-04-05 09:00:00,29.4,33,1.0,4,22.28,106.96,0.25,1.2,145.02,117.33
2026-04-05 10:00:00,29.5,32,1.5,3,21.56,98.91,0.3,1.16,144.57,118.59
2026-04-05 11:00:00,29.5,32,1.0,3,20.42,89.93,0.36,1.05,143.56,118.46
2026-04-05 12:00:00,28.9,32,1.8,3,19.26,83.21,0.41,0.92,142.9,118.93
2026-04-05 13:00:00,27.6,46,0.4,3,19.6,82.97,0.63,0.79,146.8,113.81
2026-04-05 14:00:00,25.0,45,1.6,3,21.26,88.62,0.93,0.68,156.01,104.69
2026-04-05 15:00:00,23.3,51,6.0,3,22.9,94.6,1.18,0.59,166.51,96.54
2026-04-05 16:00:00,22.4,52,5.8,4,24.31,100.13,1.37,0.5,174.04,88.61
2026-04-05 17:00:00,21.4,56,4.5,4,25.91,106.83,1.57,0.45,182.62,83.37
2026-04-05 18:00:00,21.5,58,3.1,4,27.34,112.01,1.95,0.4,194.05,78.56
2026-04-05 19:00:00,21.6,59,6.0,4,28.21,114.29,2.32,0.34,202.91,73.5
2026-04-05 20:00:00,21.2,59,4.6,4,29.28,117.49,2.46,0.29,209.7,70.3
2026-04-05 21:00:00,20.5,63,6.1,4,30.32,120.95,2.44,0.25,213.51,68.04
2026-04-05 22:00:00,20.2,64,6.5,4,30.91,122.07,2.41,0.21,216.37,65.81
2026-04-05 23:00:00,20.2,62,6.1,4,31.49,122.94,2.4,0.18,222.54,64.65
2026-04-06 00:00:00,19.8,71,4.2,4,31.91,123.92,2.37,0.16,228.56,64.1
2026-04-06 00:00:00,19.8,71,4.2,4,31.91,123.92,2.37,0.16,228.56,64.1
2026-04-07 01:00:00,18.8,95,8.9,3,23.64,87.48,2.41,1.48,186.44,46.07
2026-04-07 02:00:00,19.2,92,10.7,3,24.37,92.7,2.42,1.32,189.42,45.88
2026-04-07 03:00:00,20.3,84,8.9,4,25.51,100.52,2.08,1.18,192.4,47.8
2026-04-07 04:00:00,21.9,75,8.2,4,27.17,110.21,1.52,1.22,193.71,54.47
2026-04-07 05:00:00,23.8,64,5.2,4,29.38,119.02,1.06,1.47,195.27,66.06
2026-04-07 06:00:00,24.0,57,7.9,4,32.74,127.13,0.76,1.92,199.24,78.22
2026-04-07 07:00:00,25.6,52,3.0,3,26.83,94.56,0.49,3.17,172.66,96.96
2026-04-07 08:00:00,26.8,50,2.1,3,24.32,83.09,0.46,3.64,157.37,105.01
2026-04-07 09:00:00,27.8,43,7.7,3,24.18,81.99,0.51,3.92,152.18,110.42
2026-04-07 10:00:00,27.1,34,9.7,3,23.29,80.88,0.55,3.46,149.33,118.75
2026-04-07 11:00:00,27.8,32,11.4,3,21.55,79.02,0.56,2.48,145.2,125.93
2026-04-07 12:00:00,27.5,29,14.1,3,20.05,77.42,0.63,1.81,142.45,131.77
2026-04-07 13:00:00,26.0,33,12.2,3,19.76,77.12,1.07,1.51,147.9,128.53
2026-04-07 14:00:00,23.6,37,8.9,3,20.59,80.43,1.73,1.43,162.96,117.63
2026-04-07 15:00:00,21.6,43,6.8,3,21.66,86.17,2.17,1.4,179.16,107.98
2026-04-07 16:00:00,21.1,45,8.0,3,23.04,92.75,2.42,1.38,191.49,99.1
2026-04-07 17:00:00,20.0,48,7.4,3,24.78,98.08,2.62,1.39,205.49,92.98
2026-04-07 18:00:00,21.2,45,9.4,4,25.95,100.64,2.78,1.42,217.18,91.66
2026-04-07 19:00:00,20.7,48,12.9,3,25.89,98.53,2.71,1.52,217.91,91.66
2026-04-07 20:00:00,18.7,63,14.4,3,26.73,97.18,2.67,1.54,220.9,85.02
2026-04-07 21:00:00,17.5,77,14.4,3,27.3,99.02,2.51,1.72,217.38,81.06
2026-04-07 22:00:00,16.9,82,13.4,4,27.06,101.77,2.2,2.38,207.23,81.91
2026-04-07 23:00:00,16.4,84,12.6,4,28.22,104.83,2.15,2.33,214.02,80.59
2026-04-08 00:00:00,16.1,90,7.4,4,30.18,109.32,2.08,2.15,226.93,80.33
2026-04-08 00:00:00,16.1,90,7.4,4,30.18,109.32,2.08,2.15,226.93,80.33
2026-04-08 01:00:00,15.8,91,6.7,4,31.74,113.33,1.97,2.13,239.71,81.26
2026-04-08 02:00:00,16.6,87,7.9,4,33.87,117.98,2.08,2.06,259.9,80.63
2026-04-08 03:00:00,18.5,78,7.8,4,36.55,125.46,1.97,2.07,283.21,81.45
2026-04-08 04:00:00,21.0,67,9.8,4,40.48,138.05,1.52,2.16,305.53,88.1
2026-04-08 05:00:00,23.3,57,9.7,4,44.69,149.29,1.08,2.08,312.57,95.38
2026-04-08 06:00:00,25.0,50,8.3,4,48.95,159.53,0.86,2.04,310.4,103.21
2026-04-08 07:00:00,26.8,40,5.5,3,23.97,87.61,0.51,2.62,190.49,129.11
2026-04-08 08:00:00,27.8,33,2.1,3,16.62,64.07,0.43,2.06,157.47,135.12
2026-04-08 09:00:00,28.4,28,3.9,3,15.99,61.71,0.45,1.94,152.04,137.39
2026-04-08 10:00:00,28.6,25,6.7,4,16.35,62.1,0.52,1.98,153.02,141.9
2026-04-08 11:00:00,28.5,25,8.6,4,16.72,61.79,0.61,2.09,155.07,144.38
2026-04-08 12:00:00,28.0,24,6.1,4,16.85,60.31,0.77,2.17,157.8,146.41
2026-04-08 13:00:00,25.4,36,5.9,4,18.24,64.36,1.27,2.3,168.98,142.92
2026-04-08 14:00:00,22.6,38,6.4,3,20.95,73.74,1.94,2.42,188.76,134.88
2026-04-08 15:00:00,21.9,38,3.6,3,23.92,83.74,2.3,2.57,209.28,128.66
2026-04-08 16:00:00,21.1,39,3.1,3,26.43,92.39,2.47,2.77,220.52,121.65
2026-04-08 17:00:00,20.5,40,3.1,4,28.97,101.42,2.49,2.85,226.87,115.64
2026-04-08 18:00:00,20.5,44,2.8,4,31.06,108.7,2.36,2.71,226.22,109.18
2026-04-08 19:00:00,19.8,51,2.7,4,32.21,111.13,2.07,2.16,216.51,99.92
2026-04-08 20:00:00,18.0,58,5.4,4,33.63,115.03,1.96,1.5,214.34,90.87
2026-04-08 21:00:00,17.6,62,3.5,4,35.07,120.8,1.99,1.0,216.42,83.29
2026-04-08 22:00:00,17.6,59,10.1,4,36.21,126.08,1.97,0.71,218.52,76.86
2026-04-08 23:00:00,17.4,65,12.1,4,37.55,130.19,1.88,0.52,221.36,72.34
2026-04-09 00:00:00,17.2,70,8.1,4,38.83,132.26,1.83,0.41,226.01,67.91
2026-04-09 00:00:00,17.2,70,8.1,4,38.83,132.26,1.83,0.41,226.01,67.91
2026-04-09 01:00:00,17.2,74,9.4,4,38.91,136.12,1.6,0.69,225.98,70.52
2026-04-09 02:00:00,18.1,76,12.7,4,39.59,138.83,1.76,0.94,235.96,68.82
2026-04-09 03:00:00,20.4,72,12.1,4,40.75,145.19,1.72,1.16,246.22,68.28
2026-04-09 04:00:00,23.1,60,12.2,4,42.29,160.91,1.36,1.45,249.14,79.62
2026-04-09 05:00:00,25.5,49,11.9,4,44.25,169.19,0.97,1.64,249.01,89.59
2026-04-09 06:00:00,27.7,42,9.9,4,47.3,176.04,0.71,1.79,250.95,97.52
2026-04-09 07:00:00,29.5,33,8.6,4,31.49,127.6,0.43,2.63,191.43,129.69
2026-04-09 08:00:00,30.4,28,4.0,3,22.7,93.51,0.35,2.06,161.88,134.46
2026-04-09 09:00:00,30.6,27,1.8,3,20.57,85.55,0.34,1.71,152.74,134.61
2026-04-09 10:00:00,30.8,26,1.5,3,20.24,84.86,0.36,1.56,150.08,136.29
2026-04-09 11:00:00,30.5,27,0.7,3,20.32,86.34,0.39,1.45,148.18,136.27
2026-04-09 12:00:00,30.2,31,2.3,3,20.44,88.44,0.44,1.37,146.63,135.96
2026-04-09 13:00:00,27.9,48,3.7,3,21.65,95.73,0.59,1.32,149.52,134.2
2026-04-09 14:00:00,24.8,46,6.2,4,23.68,105.24,0.78,1.28,155.71,130.06
2026-04-09 15:00:00,23.6,48,8.9,4,25.54,111.77,0.85,1.22,162.13,126.02
2026-04-09 16:00:00,22.3,51,7.6,4,27.26,116.83,0.89,1.11,165.32,120.63
2026-04-09 17:00:00,21.1,53,5.9,4,30.66,128.7,0.92,1.03,173.63,117.77
2026-04-09 18:00:00,21.2,51,7.2,4,34.7,141.01,0.92,0.93,182.18,114.82
2026-04-09 19:00:00,21.4,52,7.4,4,37.16,146.87,0.87,0.84,184.63,111.89
2026-04-09 20:00:00,21.4,53,11.5,4,38.88,147.66,0.89,0.77,189.75,108.63
2026-04-09 21:00:00,20.6,54,11.7,4,39.66,147.05,0.9,0.74,192.77,105.88
2026-04-09 22:00:00,20.0,55,9.8,4,40.16,141.53,0.97,0.66,195.69,98.83
2026-04-09 23:00:00,19.5,56,10.7,4,41.55,140.75,1.1,0.55,201.9,89.88
2026-04-10 00:00:00,19.5,57,9.2,4,43.48,148.4,1.22,0.46,208.85,83.09
2026-04-10 00:00:00,19.5,57,9.2,4,43.48,148.4,1.22,0.46,208.85,83.09
2026-04-10 01:00:00,19.0,60,9.4,4,45.35,160.48,1.32,0.44,215.39,78.48
2026-04-10 02:00:00,19.7,60,9.4,4,47.08,173.3,1.48,0.51,225.4,75.85
2026-04-10 03:00:00,21.9,56,9.7,4,48.2,185.42,1.44,0.63,233.61,76.8
2026-04-10 04:00:00,24.4,47,10.3,4,47.81,195.76,1.1,0.81,228.98,85.7
2026-04-10 05:00:00,26.5,40,9.9,4,47.18,195.57,0.8,0.89,220.83,90.96
2026-04-10 06:00:00,28.5,36,8.9,4,45.86,194.74,0.59,1.01,205.48,98.81
2026-04-10 07:00:00,30.3,30,8.9,4,36.33,162.59,0.47,2.18,167.91,128.06
2026-04-10 08:00:00,31.4,26,9.9,4,31.85,137.21,0.39,2.16,151.97,133.5
2026-04-10 09:00:00,32.1,25,10.1,4,29.69,123.65,0.36,2.02,144.07,134.18
2026-04-10 10:00:00,32.5,26,11.4,4,28.8,114.11,0.36,2.0,142.69,136.75
2026-04-10 11:00:00,32.5,25,10.5,4,29.17,110.44,0.39,1.94,143.84,136.26
2026-04-10 12:00:00,31.8,29,5.5,4,29.87,108.88,0.46,1.9,146.52,135.48
2026-04-10 13:00:00,30.0,42,1.2,4,31.26,109.1,0.78,1.9,154.22,131.02
2026-04-10 14:00:00,27.0,42,1.5,4,33.07,112.54,1.27,1.91,168.22,123.11
2026-04-10 15:00:00,24.8,48,7.0,4,34.86,117.79,1.61,1.96,182.68,116.59
2026-04-10 16:00:00,24.8,44,8.6,4,35.82,121.45,1.68,1.99,189.52,111.1
2026-04-10 17:00:00,24.6,41,10.9,4,37.45,125.94,1.61,2.29,193.82,110.58
2026-04-10 18:00:00,24.2,46,11.5,4,39.72,131.51,1.47,2.93,194.33,115.32
2026-04-10 19:00:00,25.3,43,12.4,4,41.51,134.63,1.25,3.58,191.99,123.68
2026-04-10 20:00:00,24.4,46,13.9,4,41.29,128.76,1.22,3.59,193.72,124.87
2026-04-10 21:00:00,24.0,47,16.2,4,38.47,118.8,1.21,3.15,192.15,122.26
2026-04-10 22:00:00,22.5,58,15.3,4,34.63,108.62,1.24,2.49,188.17,116.18
2026-04-10 23:00:00,21.5,66,17.0,4,33.24,105.94,1.31,1.98,188.56,109.28
2026-04-11 00:00:00,21.6,69,14.8,4,33.68,108.74,1.35,1.63,190.54,102.32
2026-04-11 00:00:00,21.6,69,14.8,4,33.68,108.74,1.35,1.63,190.54,102.32
2026-04-11 01:00:00,21.0,70,8.9,4,35.14,114.72,1.39,1.44,193.53,94.88
2026-04-11 02:00:00,21.5,69,11.8,4,37.6,124.81,1.61,1.47,203.7,89.79
2026-04-11 03:00:00,23.4,63,9.9,4,40.55,137.15,1.66,1.58,217.04,87.35
2026-04-11 04:00:00,25.4,56,7.8,4,44.08,153.0,1.33,1.71,227.5,89.68
2026-04-11 05:00:00,27.6,49,6.8,4,48.17,169.81,0.93,1.82,235.0,95.03
2026-04-11 06:00:00,30.1,41,6.2,4,53.24,187.46,0.71,1.93,241.67,101.2
2026-04-11 07:00:00,31.9,34,3.2,4,47.17,168.78,0.54,3.24,210.96,125.96
2026-04-11 08:00:00,33.0,29,4.8,4,42.21,146.3,0.51,3.32,192.43,132.36
2026-04-11 09:00:00,33.8,23,9.7,4,40.41,135.0,0.54,3.57,185.15,136.21
2026-04-11 10:00:00,33.9,21,11.9,4,36.22,117.38,0.59,3.65,173.87,141.46
2026-04-11 11:00:00,33.4,21,12.0,4,33.16,105.28,0.65,3.48,166.38,143.48
2026-04-11 12:00:00,32.5,26,8.6,4,30.81,97.55,0.77,3.17,161.78,144.04
2026-04-11 13:00:00,29.8,34,6.7,3,30.5,96.35,1.2,2.88,167.21,138.38
2026-04-11 14:00:00,27.5,35,5.5,4,31.68,100.07,1.9,2.64,182.6,128.72
2026-04-11 15:00:00,26.2,36,6.3,4,32.88,105.17,2.35,2.38,199.34,121.23
2026-04-11 16:00:00,24.5,41,6.0,4,33.55,107.99,2.55,2.13,210.38,111.94
2026-04-11 17:00:00,23.4,42,6.1,4,34.38,110.85,2.73,1.94,222.54,102.71
2026-04-11 18:00:00,23.3,42,6.5,4,34.65,113.0,2.89,1.71,231.67,93.85
2026-04-11 19:00:00,22.5,46,7.1,4,34.06,112.96,2.91,1.46,233.01,85.39
2026-04-11 20:00:00,21.5,53,6.7,4,33.43,112.25,2.89,1.3,233.49,80.86
2026-04-11 21:00:00,20.0,61,5.9,4,32.47,110.36,2.84,1.22,231.34,79.6
2026-04-11 22:00:00,19.6,65,8.6,4,30.32,107.99,2.42,1.4,214.3,86.06
2026-04-11 23:00:00,20.0,68,10.3,4,29.27,105.27,2.25,1.48,206.45,86.22
2026-04-12 00:00:00,20.0,71,8.5,4,29.08,105.55,2.19,1.39,203.84,83.35
2026-04-12 00:00:00,20.0,71,8.5,4,29.08,105.55,2.19,1.39,203.84,83.35
2026-04-12 01:00:00,19.6,73,7.6,4,28.87,106.89,2.15,1.25,199.76,78.8
2026-04-12 02:00:00,20.9,70,8.0,4,29.24,111.37,2.39,1.2,201.29,75.47
2026-04-12 03:00:00,23.5,62,4.9,4,30.05,119.11,2.21,1.21,204.58,75.24
2026-04-12 04:00:00,26.4,51,5.9,4,31.7,129.42,1.72,1.25,206.45,80.6
2026-04-12 05:00:00,29.0,43,5.6,4,34.13,137.32,1.2,1.36,206.36,89.48
2026-04-12 06:00:00,31.2,38,3.9,4,37.73,145.46,0.91,1.79,204.35,101.2
2026-04-12 07:00:00,33.2,30,3.9,4,26.93,100.78,0.64,5.65,153.83,146.93
2026-04-12 08:00:00,34.3,24,5.7,4,20.89,77.46,0.44,3.59,137.21,147.63
2026-04-12 09:00:00,34.9,22,6.5,4,19.02,71.03,0.4,2.69,131.72,145.41
2026-04-12 10:00:00,35.0,21,7.1,4,18.22,68.87,0.41,2.18,130.89,145.48
2026-04-12 11:00:00,34.5,20,7.6,4,18.01,69.52,0.47,1.82,131.63,144.21
2026-04-12 12:00:00,33.3,24,5.3,4,18.11,71.77,0.6,1.53,133.71,143.08
2026-04-12 13:00:00,30.5,39,4.5,3,19.26,77.16,1.03,1.38,143.35,137.36
2026-04-12 14:00:00,28.7,41,0.6,3,21.11,83.91,1.77,1.34,161.87,127.08
2026-04-12 15:00:00,27.5,33,0.4,3,22.94,89.78,2.26,1.31,182.13,118.15
2026-04-12 16:00:00,26.1,36,2.0,3,24.26,93.32,2.4,1.32,193.84,107.75
2026-04-12 17:00:00,25.5,37,2.8,3,25.93,98.66,2.38,1.38,202.54,99.74
2026-04-12 18:00:00,24.2,41,6.2,4,27.6,105.19,2.32,1.44,206.1,92.56
2026-04-12 19:00:00,23.2,47,6.9,4,29.05,112.31,2.17,1.42,202.03,85.54
2026-04-12 20:00:00,21.6,53,6.1,4,31.02,121.38,2.14,1.4,200.56,80.34
2026-04-12 21:00:00,21.0,57,2.9,4,33.03,130.09,2.19,1.35,199.06,76.0
2026-04-12 22:00:00,20.7,57,1.7,4,34.61,136.2,2.23,1.24,196.5,71.48
2026-04-12 23:00:00,20.3,57,1.4,4,36.5,144.82,2.18,1.12,195.17,67.94
2026-04-13 00:00:00,19.8,63,4.1,4,38.72,154.87,2.04,0.97,192.42,64.0
2026-04-13 00:00:00,19.8,63,4.1,4,38.72,154.87,2.04,0.97,192.42,64.0
2026-04-13 01:00:00,19.5,67,5.2,4,40.34,163.38,1.9,0.84,188.26,59.51
2026-04-13 02:00:00,21.2,64,6.2,4,42.07,172.13,1.87,0.76,189.05,55.32
2026-04-13 03:00:00,25.1,51,5.4,4,43.84,182.55,1.61,0.73,191.6,54.54
2026-04-13 04:00:00,28.8,42,3.1,5,45.71,209.58,1.08,0.91,184.22,72.53
2026-04-13 05:00:00,31.9,32,3.9,5,47.18,213.65,0.8,0.96,184.77,83.17
2026-04-13 06:00:00,34.6,23,6.0,5,50.03,218.9,0.71,1.02,192.08,93.72
2026-04-13 07:00:00,36.2,17,5.9,4,33.73,156.02,0.31,1.02,142.19,127.39
2026-04-13 08:00:00,36.9,16,6.5,4,23.89,101.43,0.24,0.8,125.3,127.17
2026-04-13 09:00:00,37.3,16,5.9,3,20.77,82.71,0.26,0.67,121.14,123.37
2026-04-13 10:00:00,37.5,16,4.8,3,19.75,74.36,0.32,0.6,122.29,122.0
2026-04-13 11:00:00,37.2,16,2.9,3,19.51,70.6,0.44,0.58,124.2,119.77
2026-04-13 12:00:00,35.8,25,5.6,3,19.58,69.12,0.62,0.64,126.11,117.39
2026-04-13 13:00:00,33.0,27,8.5,3,20.94,72.65,1.14,0.81,135.92,110.91
2026-04-13 14:00:00,30.7,27,9.3,3,23.3,80.35,2.0,1.01,155.76,101.1
2026-04-13 15:00:00,28.9,33,11.3,3,25.89,89.8,2.62,1.22,178.34,93.0
2026-04-13 16:00:00,28.4,32,11.8,3,28.0,98.89,2.78,1.34,191.83,86.57
2026-04-13 17:00:00,27.5,33,11.6,4,30.32,107.55,2.71,1.44,201.03,82.86
2026-04-13 18:00:00,26.8,34,12.3,4,32.07,113.26,2.71,1.44,206.9,78.82
2026-04-13 19:00:00,27.1,33,13.6,4,31.95,114.37,2.48,1.29,199.46,74.04
2026-04-13 20:00:00,26.4,35,14.4,4,32.28,113.47,2.45,1.12,199.33,67.1
2026-04-13 21:00:00,25.5,39,14.7,4,32.93,114.59,2.48,0.98,203.35,61.35
2026-04-13 22:00:00,24.6,44,14.7,4,33.64,115.04,2.61,0.86,208.79,55.01
2026-04-13 23:00:00,24.0,49,14.2,4,34.84,117.48,2.71,0.77,215.3,49.61
2026-04-14 00:00:00,23.6,51,15.7,4,36.13,122.4,2.74,0.73,221.5,46.49
2026-04-14 00:00:00,23.6,51,15.7,4,36.13,122.4,2.74,0.73,221.5,46.49
2026-04-14 01:00:00,23.2,52,15.0,4,37.11,130.83,2.56,0.89,222.08,47.59
2026-04-14 02:00:00,24.0,52,15.1,4,38.73,137.28,2.63,1.2,231.02,47.86
2026-04-14 03:00:00,26.1,49,14.8,4,40.84,145.58,2.34,1.71,242.73,51.12
2026-04-14 04:00:00,29.0,42,15.8,4,43.58,168.56,1.85,2.76,247.62,67.44
2026-04-14 05:00:00,31.8,32,16.5,4,47.61,180.0,1.41,3.41,256.05,83.41
2026-04-14 06:00:00,33.9,27,16.3,4,54.08,192.15,1.13,3.72,265.01,99.34
2026-04-14 07:00:00,35.6,24,15.4,5,58.63,227.38,0.86,4.29,244.12,123.13
2026-04-14 08:00:00,36.8,21,14.5,5,61.55,238.5,0.75,4.43,233.49,133.09
2026-04-14 09:00:00,37.5,19,12.9,5,63.25,241.08,0.7,4.48,230.37,139.03
2026-04-14 10:00:00,37.7,18,10.6,4,48.64,181.49,0.51,3.67,183.19,132.5
2026-04-14 11:00:00,37.5,18,9.2,4,37.04,135.11,0.43,3.0,152.41,122.47
2026-04-14 12:00:00,36.7,20,10.1,4,34.22,124.91,0.47,2.94,145.74,120.34
2026-04-14 13:00:00,34.0,25,9.0,4,35.36,129.27,0.73,3.11,150.39,117.86
2026-04-14 14:00:00,31.0,30,8.1,4,38.18,137.66,1.14,3.32,162.43,113.28
2026-04-14 15:00:00,29.3,34,7.2,4,40.58,142.33,1.37,3.45,175.27,108.58
2026-04-14 16:00:00,27.5,40,6.5,4,41.88,141.0,1.5,3.26,183.96,100.97
2026-04-14 17:00:00,27.1,40,8.1,4,43.63,142.39,1.66,2.93,194.91,93.77
2026-04-14 18:00:00,26.3,43,8.9,4,45.08,145.46,1.83,2.54,204.42,87.39
2026-04-14 19:00:00,26.6,41,7.4,4,45.58,147.07,1.88,2.08,206.59,80.49
2026-04-14 20:00:00,25.9,44,7.1,4,46.57,149.56,1.93,1.71,211.01,75.41
2026-04-14 21:00:00,25.0,47,9.3,4,47.54,151.13,1.96,1.42,215.8,70.96
2026-04-14 22:00:00,24.2,51,8.3,4,48.15,152.98,1.94,1.21,219.19,66.84
2026-04-14 23:00:00,23.5,55,7.2,4,49.32,158.14,2.01,1.04,227.43,62.91
2026-04-15 00:00:00,23.8,58,7.3,4,50.68,165.9,2.05,0.91,235.01,60.01
2026-04-15 00:00:00,23.8,58,7.3,4,50.68,165.9,2.05,0.91,235.01,60.01
2026-04-15 01:00:00,23.5,60,6.7,4,51.33,172.24,2.06,0.88,239.52,57.76
2026-04-15 02:00:00,25.0,59,4.8,4,52.15,179.95,2.17,0.97,248.23,56.77
2026-04-15 03:00:00,27.8,52,4.2,4,53.21,189.0,1.97,1.18,256.19,60.1
2026-04-15 04:00:00,31.2,43,3.5,5,54.39,203.44,1.58,1.75,257.7,77.91
2026-04-15 05:00:00,34.5,34,2.7,5,56.09,206.39,1.19,2.28,256.59,92.69
2026-04-15 06:00:00,37.1,21,2.7,5,59.35,211.9,0.97,2.87,254.77,107.74
2026-04-15 07:00:00,38.7,16,6.2,4,39.44,138.57,0.49,4.13,163.8,134.06
2026-04-15 08:00:00,39.1,14,6.4,3,29.61,99.35,0.36,3.14,138.21,130.22
2026-04-15 09:00:00,39.5,13,4.2,3,26.96,90.3,0.33,2.63,131.31,127.12
2026-04-15 10:00:00,39.6,13,3.4,3,26.64,89.9,0.34,2.47,130.83,127.1
2026-04-15 11:00:00,39.5,12,5.3,3,27.32,93.39,0.42,2.53,132.22,126.29
2026-04-15 12:00:00,38.5,14,7.7,3,28.28,98.05,0.59,2.62,135.44,125.48
2026-04-15 13:00:00,34.8,27,5.6,4,30.22,105.01,1.1,2.73,146.99,118.86
2026-04-15 14:00:00,33.0,24,0.9,4,32.76,113.77,1.82,2.74,167.33,108.21
2026-04-15 15:00:00,30.1,28,6.0,4,35.25,123.62,2.22,2.64,187.17,99.26
2026-04-15 16:00:00,30.5,28,3.5,4,37.09,132.96,2.22,2.4,195.39,91.9
2026-04-15 17:00:00,29.6,29,4.2,4,39.33,143.97,2.06,2.17,198.63,86.65
2026-04-15 18:00:00,27.9,33,5.1,4,41.48,154.04,1.84,1.9,196.78,82.22
2026-04-15 19:00:00,26.4,36,7.0,4,42.93,161.94,1.55,1.55,186.79,77.79
2026-04-15 20:00:00,25.9,37,4.5,4,44.9,171.8,1.35,1.26,180.21,74.81
2026-04-15 21:00:00,25.4,38,2.0,4,46.72,179.91,1.28,1.04,178.91,71.74
2026-04-15 22:00:00,24.8,39,3.2,4,47.86,180.15,1.38,0.9,183.05,66.93
2026-04-15 23:00:00,24.8,39,2.7,4,49.41,177.1,1.56,0.87,194.92,62.38
2026-04-16 00:00:00,24.0,46,5.8,4,51.27,176.07,1.76,0.9,211.36,59.31
2026-04-16 00:00:00,24.0,46,5.8,4,51.27,176.07,1.76,0.9,211.36,59.31
2026-04-16 01:00:00,23.3,46,5.7,4,52.65,176.34,1.93,0.95,228.18,56.35
2026-04-16 02:00:00,24.9,54,2.3,4,54.52,181.12,2.24,1.1,249.58,54.29
2026-04-16 03:00:00,27.8,37,3.2,4,56.66,190.35,2.41,1.32,272.77,55.5
2026-04-16 04:00:00,31.5,32,3.0,5,59.47,204.78,2.22,1.56,290.67,64.64
2026-04-16 05:00:00,35.3,24,4.8,5,62.7,212.54,1.8,1.69,299.09,77.64
2026-04-16 06:00:00,38.1,19,7.5,5,67.64,222.12,1.42,1.78,302.27,94.23
2026-04-16 07:00:00,39.5,15,10.3,4,42.6,148.51,0.43,0.88,167.29,123.87
2026-04-16 08:00:00,40.3,13,10.2,4,35.77,117.22,0.29,0.72,144.3,122.98
2026-04-16 09:00:00,40.8,12,10.3,4,33.05,107.42,0.26,0.63,136.62,119.38
2026-04-16 10:00:00,40.6,12,11.4,4,31.24,101.29,0.25,0.58,133.16,117.26
2026-04-16 11:00:00,40.2,12,11.6,3,29.2,94.94,0.26,0.58,129.91,115.19
2026-04-16 12:00:00,39.2,14,10.9,3,26.92,87.78,0.29,0.65,127.01,113.97
2026-04-16 13:00:00,36.1,18,8.3,3,25.85,85.02,0.46,0.81,128.79,111.32
2026-04-16 14:00:00,34.1,21,6.3,3,25.85,86.83,0.7,1.0,134.98,106.19
2026-04-16 15:00:00,34.0,21,2.4,3,25.75,87.99,0.86,1.17,141.4,101.5
2026-04-16 16:00:00,34.3,21,1.0,3,25.54,87.81,0.98,1.38,145.48,97.89
2026-04-16 17:00:00,32.5,22,7.7,3,25.86,88.13,1.1,1.83,153.78,100.09
2026-04-16 18:00:00,31.2,25,15.9,3,25.99,88.13,1.26,2.53,165.39,107.34
2026-04-16 19:00:00,29.9,37,13.8,3,25.67,87.94,1.37,3.24,177.06,114.71
2026-04-16 20:00:00,27.6,44,4.3,3,26.69,91.43,1.49,3.69,191.21,114.98
2026-04-16 21:00:00,27.5,43,10.0,3,28.21,98.02,1.56,4.02,203.92,112.29
2026-04-16 22:00:00,27.2,43,9.3,4,29.56,102.8,1.65,4.09,213.39,104.73
2026-04-16 23:00:00,27.1,44,10.3,4,31.52,108.53,1.79,4.03,225.65,96.93
2026-04-17 00:00:00,24.8,49,7.2,4,33.73,115.83,1.88,3.86,237.3,89.97
2026-04-17 00:00:00,24.8,49,7.2,4,33.73,115.83,1.88,3.86,237.3,89.97
2026-04-17 01:00:00,24.9,48,8.6,4,35.59,123.43,1.93,3.59,245.3,82.91
2026-04-17 02:00:00,26.0,46,11.7,4,37.67,134.07,2.18,3.53,257.63,78.87
2026-04-17 03:00:00,28.6,41,11.9,4,39.67,146.75,2.22,3.58,269.93,79.54
2026-04-17 04:00:00,31.5,33,17.7,4,41.66,167.05,1.53,3.75,260.78,96.28
2026-04-17 05:00:00,34.0,28,16.8,4,44.62,177.21,1.03,3.6,256.86,106.46
2026-04-17 06:00:00,35.9,25,13.0,4,49.05,186.87,0.8,3.55,255.55,114.15
2026-04-17 07:00:00,37.3,22,8.5,4,46.97,180.44,0.54,2.93,213.61,120.02
2026-04-17 08:00:00,38.5,21,4.6,4,43.87,166.68,0.4,2.32,186.12,118.02
2026-04-17 09:00:00,39.1,19,1.6,4,44.06,165.95,0.35,2.09,177.97,117.04
2026-04-17 10:00:00,39.3,18,1.9,4,33.23,122.08,0.27,1.43,150.75,113.4
2026-04-17 11:00:00,39.2,17,2.7,3,24.15,87.16,0.25,0.96,127.48,108.48
2026-04-17 12:00:00,38.8,18,6.7,3,21.94,79.64,0.29,0.88,120.34,106.8
2026-04-17 13:00:00,36.5,22,10.1,3,22.95,84.56,0.53,0.94,125.78,101.01
2026-04-17 14:00:00,34.0,26,13.4,3,25.3,95.04,0.86,1.02,139.02,91.92
2026-04-17 15:00:00,32.5,33,17.2,4,27.65,106.54,1.14,1.11,153.2,85.57
2026-04-17 16:00:00,31.5,37,17.8,4,29.49,116.19,1.38,1.18,162.85,80.16
2026-04-17 17:00:00,30.5,39,18.3,4,31.72,125.29,1.59,1.27,172.34,75.02
2026-04-17 18:00:00,30.1,42,16.9,4,33.9,130.42,1.87,1.34,182.77,70.35
2026-04-17 19:00:00,29.7,42,19.5,4,34.39,127.32,2.05,1.28,185.16,66.13
2026-04-17 20:00:00,29.0,44,22.0,4,34.24,122.28,2.09,1.14,184.9,64.07
2026-04-17 21:00:00,28.0,47,22.1,4,33.8,118.71,2.08,0.98,184.47,62.86
2026-04-17 22:00:00,27.0,50,19.8,4,33.09,115.8,1.99,0.83,182.03,61.95
2026-04-17 23:00:00,26.2,52,19.7,4,33.62,118.36,1.9,0.74,182.41,59.99
2026-04-18 00:00:00,25.8,52,18.4,4,34.8,125.06,1.78,0.72,184.0,59.87
2026-04-18 00:00:00,25.8,52,18.4,4,34.8,125.06,1.78,0.72,184.0,59.87
2026-04-18 01:00:00,25.4,53,18.2,4,35.41,133.37,1.5,1.04,183.18,64.56
2026-04-18 02:00:00,25.9,53,18.0,4,35.89,138.41,1.57,1.29,190.37,65.12
2026-04-18 03:00:00,27.4,50,20.1,4,36.31,144.17,1.49,1.56,197.04,68.21
2026-04-18 04:00:00,29.1,46,19.4,4,36.0,149.57,1.27,1.99,196.85,77.02
2026-04-18 05:00:00,31.2,40,17.6,4,36.85,153.79,0.98,2.11,197.25,85.27
2026-04-18 06:00:00,32.9,36,15.7,4,39.03,161.42,0.77,2.15,196.78,95.17
2026-04-18 07:00:00,34.5,32,13.2,4,33.45,133.43,0.46,1.8,160.27,109.29
2026-04-18 08:00:00,35.8,29,10.0,4,29.11,107.81,0.35,1.4,143.02,111.59
2026-04-18 09:00:00,36.5,27,8.0,3,27.38,99.58,0.31,1.13,135.18,112.42
2026-04-18 10:00:00,37.2,24,6.1,3,24.13,87.73,0.26,0.77,122.99,112.73
2026-04-18 11:00:00,37.2,21,4.8,3,20.83,76.26,0.25,0.53,111.92,112.47
2026-04-18 12:00:00,37.0,20,8.1,3,19.1,70.38,0.27,0.47,107.06,114.34
2026-04-18 13:00:00,34.8,26,5.1,3,19.4,72.29,0.46,0.53,109.76,114.27
2026-04-18 14:00:00,32.8,28,3.2,3,21.15,79.68,0.78,0.7,118.76,111.08
2026-04-18 15:00:00,30.8,34,12.9,3,23.18,86.51,1.1,1.0,131.57,108.21
2026-04-18 16:00:00,30.5,37,16.6,3,24.99,90.9,1.38,1.37,142.75,104.82
2026-04-18 17:00:00,30.0,38,19.5,3,27.17,96.55,1.63,1.8,156.01,105.22
2026-04-18 18:00:00,29.4,43,20.9,4,29.18,101.56,1.85,2.22,169.72,106.5
2026-04-18 19:00:00,29.1,43,18.9,4,30.4,104.44,1.88,2.49,176.61,106.57
2026-04-18 20:00:00,27.8,46,17.0,4,31.87,108.47,1.8,2.62,182.44,104.89
2026-04-18 21:00:00,26.9,48,14.1,4,33.53,113.87,1.7,2.59,187.79,101.64
2026-04-18 22:00:00,26.1,51,12.8,4,34.9,116.66,1.59,2.3,190.14,94.38
2026-04-18 23:00:00,25.4,53,11.3,4,36.75,121.9,1.54,1.97,195.05,87.25
2026-04-19 00:00:00,24.7,61,10.3,4,38.74,130.82,1.5,1.77,200.33,82.71
2026-04-19 00:00:00,24.7,61,10.3,4,38.74,130.82,1.5,1.77,200.33,82.71
2026-04-19 01:00:00,24.1,63,10.1,4,40.26,141.91,1.38,1.81,202.59,82.55
2026-04-19 02:00:00,25.0,61,9.5,4,41.88,151.82,1.5,1.77,209.67,79.45
2026-04-19 03:00:00,26.9,55,9.9,4,43.56,162.18,1.5,1.81,217.09,78.3
2026-04-19 04:00:00,29.2,47,11.2,4,45.82,186.83,1.21,2.6,220.4,95.13
2026-04-19 05:00:00,31.3,41,12.0,4,48.19,197.14,0.92,2.75,222.9,102.56
2026-04-19 06:00:00,34.3,32,11.4,5,51.54,206.67,0.75,2.78,223.81,109.29
2026-04-19 07:00:00,35.8,28,8.5,4,39.54,156.52,0.4,1.69,168.62,119.25
2026-04-19 08:00:00,37.0,24,7.9,4,31.94,119.53,0.32,1.29,143.0,118.5
2026-04-19 09:00:00,35.0,22,20.9,4,30.22,110.3,0.37,1.4,137.56,117.33
2026-04-19 10:00:00,33.9,26,14.9,4,29.44,105.05,0.44,1.63,137.74,118.35
2026-04-19 11:00:00,35.1,24,13.2,4,28.51,100.06,0.51,1.9,137.46,118.4
2026-04-19 12:00:00,36.0,20,7.7,3,27.97,96.68,0.6,2.23,138.53,118.6
2026-04-19 13:00:00,33.9,26,5.4,3,28.52,96.72,0.91,2.76,144.8,116.29
2026-04-19 14:00:00,31.1,30,7.0,3,29.97,99.63,1.38,3.42,157.17,111.88
2026-04-19 15:00:00,30.2,30,8.2,4,31.47,103.41,1.63,3.98,169.82,108.95
2026-04-19 16:00:00,28.8,33,6.5,4,32.65,106.24,1.71,4.1,178.38,103.52
2026-04-19 17:00:00,27.9,36,5.0,4,34.34,110.73,1.8,3.74,188.44,97.17
2026-04-19 18:00:00,29.2,37,0.8,4,35.99,115.92,1.9,3.12,197.01,90.42
2026-04-19 19:00:00,28.3,38,0.8,4,37.17,119.17,1.91,2.35,199.54,82.33
2026-04-19 20:00:00,26.5,42,2.8,4,38.74,123.56,1.93,1.68,203.25,74.7
2026-04-19 21:00:00,25.2,47,5.6,4,40.39,129.22,1.93,1.18,207.33,68.28
2026-04-19 22:00:00,24.8,49,7.4,4,41.78,135.21,1.94,0.84,209.59,62.36
2026-04-19 23:00:00,24.1,52,6.3,4,43.54,143.64,1.94,0.64,213.17,57.77
2026-04-20 00:00:00,24.4,55,5.4,4,45.49,154.36,1.89,0.52,216.06,54.4
2026-04-20 00:00:00,24.4,55,5.4,4,45.49,154.36,1.89,0.52,216.06,54.4
2026-04-20 01:00:00,24.6,56,4.0,4,46.89,165.77,1.81,0.46,216.9,51.54
2026-04-20 02:00:00,26.4,50,7.3,4,48.38,179.87,1.77,0.48,220.91,49.05
2026-04-20 03:00:00,29.6,42,5.1,4,50.06,197.29,1.5,0.54,223.15,51.2
2026-04-20 04:00:00,33.0,34,3.3,5,51.95,223.24,0.94,0.73,207.3,74.43
2026-04-20 05:00:00,35.2,28,2.9,5,52.9,228.63,0.64,0.77,197.21,83.86
2026-04-20 06:00:00,36.5,25,2.2,5,53.84,233.57,0.48,0.8,188.79,90.14
2026-04-20 07:00:00,37.8,20,3.2,4,40.53,165.95,0.27,1.52,157.14,114.9
2026-04-20 08:00:00,38.3,18,4.3,4,33.82,131.9,0.25,1.23,143.31,115.35
2026-04-20 09:00:00,38.9,16,5.1,4,32.17,125.4,0.24,1.03,136.94,114.22
2026-04-20 10:00:00,38.8,15,6.2,4,31.98,125.6,0.25,0.94,134.95,114.96
2026-04-20 11:00:00,38.7,15,8.4,4,32.09,127.72,0.26,0.92,133.12,114.53
2026-04-20 12:00:00,37.7,15,7.9,4,32.37,130.68,0.29,0.91,132.13,114.25
2026-04-20 13:00:00,35.0,21,5.2,4,33.85,136.39,0.57,0.99,139.18,110.0
2026-04-20 14:00:00,32.7,22,4.8,4,36.04,143.41,1.17,1.25,156.72,104.59
2026-04-20 15:00:00,31.4,25,3.3,4,38.2,149.27,1.84,1.61,180.13,100.14
2026-04-20 16:00:00,30.5,39,0.3,4,39.86,153.51,2.28,1.93,198.08,95.46
2026-04-20 17:00:00,28.4,29,5.0,4,42.19,162.39,2.37,2.07,210.32,92.39
2026-04-20 18:00:00,28.1,31,3.1,4,44.61,172.39,2.25,1.98,214.13,88.12
2026-04-20 19:00:00,27.5,32,1.7,4,46.52,179.54,1.95,1.66,207.78,79.75
2026-04-20 20:00:00,26.5,34,2.5,4,48.95,186.49,1.76,1.35,205.2,73.6
2026-04-20 21:00:00,26.2,34,2.2,4,51.23,191.27,1.66,1.08,206.21,69.69
2026-04-20 22:00:00,26.1,35,1.5,4,52.29,196.13,1.6,0.99,207.77,69.63
2026-04-20 23:00:00,24.5,37,5.1,4,53.25,190.36,1.66,1.18,217.15,68.96
2026-04-21 00:00:00,23.6,48,4.0,4,53.77,185.14,1.73,1.45,228.15,68.47
2026-04-21 00:00:00,23.6,48,4.0,4,53.77,185.14,1.73,1.45,228.15,68.47
2026-04-21 01:00:00,23.6,48,2.9,4,53.19,181.82,1.76,1.68,235.47,68.59
2026-04-21 02:00:00,25.5,44,3.3,4,52.67,181.66,1.95,1.8,242.53,68.54
2026-04-21 03:00:00,29.0,35,4.0,4,52.4,183.47,1.98,1.79,248.0,69.45
2026-04-21 04:00:00,32.5,27,2.9,4,52.69,187.55,1.71,1.76,250.06,76.29
2026-04-21 05:00:00,35.8,21,1.4,4,53.49,189.31,1.34,1.73,247.37,86.87
2026-04-21 06:00:00,37.9,18,2.6,4,55.88,193.45,1.07,1.69,241.31,99.07
2026-04-21 07:00:00,39.5,15,3.8,4,45.67,160.05,0.44,1.43,165.02,115.84
2026-04-21 08:00:00,40.3,13,4.5,4,40.7,139.26,0.32,1.16,148.28,117.21
2026-04-21 09:00:00,40.7,13,4.2,4,39.54,134.38,0.3,1.07,143.65,116.42
2026-04-21 10:00:00,40.8,12,4.6,4,39.12,131.93,0.3,1.01,142.33,117.58
2026-04-21 11:00:00,40.6,12,6.5,4,38.25,128.55,0.31,0.96,140.14,117.27
2026-04-21 12:00:00,40.0,13,5.3,4,37.57,126.26,0.34,0.94,138.45,116.68
2026-04-21 13:00:00,36.5,25,4.5,4,38.41,128.94,0.52,0.97,142.23,113.5
2026-04-21 14:00:00,33.8,25,1.5,4,40.48,135.42,0.74,1.05,150.38,109.06
2026-04-21 15:00:00,32.3,25,3.1,4,42.63,142.72,0.82,1.16,158.25,105.87
2026-04-21 16:00:00,31.4,25,4.1,4,43.77,147.5,0.81,1.21,161.42,102.76
2026-04-21 17:00:00,32.1,23,1.0,4,44.42,150.26,0.76,1.21,162.2,101.04
2026-04-21 18:00:00,31.0,25,3.4,4,44.18,148.03,0.76,1.34,162.29,99.6
2026-04-21 19:00:00,28.9,26,8.0,4,43.28,144.13,0.94,2.6,165.99,104.08
2026-04-21 20:00:00,27.5,30,6.6,4,43.64,141.65,1.42,4.36,184.79,104.13
2026-04-21 21:00:00,27.9,30,9.8,4,43.77,140.71,1.82,5.44,202.54,99.46
2026-04-21 22:00:00,27.6,32,9.5,4,42.77,138.38,2.04,5.45,211.15,90.94
2026-04-21 23:00:00,26.6,35,7.6,4,42.34,138.38,2.16,4.96,216.94,82.97
2026-04-22 00:00:00,26.2,40,7.2,4,42.15,140.07,2.2,4.38,219.46,76.15
2026-04-22 00:00:00,26.2,40,7.2,4,42.15,140.07,2.2,4.38,219.46,76.15
2026-04-22 01:00:00,25.7,45,9.0,4,41.81,142.53,2.18,3.85,217.6,70.13
2026-04-22 02:00:00,27.0,48,9.3,4,42.07,147.64,2.43,3.49,216.91,65.99
2026-04-22 03:00:00,29.9,44,7.4,4,42.9,153.86,2.39,3.31,217.96,64.08
2026-04-22 04:00:00,33.0,36,9.2,4,44.31,160.75,2.05,3.32,220.11,67.94
2026-04-22 05:00:00,35.8,29,11.1,4,46.87,167.21,1.6,3.34,219.87,79.35
2026-04-22 06:00:00,38.4,22,14.0,4,51.53,175.84,1.23,3.28,217.58,94.78
2026-04-22 07:00:00,39.8,18,14.1,4,43.89,144.57,0.6,2.08,165.09,111.59
2026-04-22 08:00:00,40.5,16,13.4,4,40.51,128.49,0.43,1.78,147.38,113.81
2026-04-22 09:00:00,41.0,15,12.0,4,38.36,119.94,0.36,1.65,138.67,113.56
2026-04-22 10:00:00,41.0,14,12.0,4,33.82,104.12,0.31,1.38,128.63,114.53
2026-04-22 11:00:00,40.3,14,11.9,3,30.69,94.94,0.3,1.16,122.03,114.01
2026-04-22 12:00:00,40.0,14,11.1,3,29.55,92.72,0.32,1.08,119.35,113.35
2026-04-22 13:00:00,37.5,20,5.6,3,30.01,96.9,0.42,1.08,120.57,111.13
2026-04-22 14:00:00,34.3,22,6.5,4,31.37,104.27,0.52,1.14,124.72,107.4
2026-04-22 15:00:00,33.3,22,7.9,4,32.73,111.37,0.57,1.19,128.65,104.43
2026-04-22 16:00:00,32.4,23,9.4,4,33.47,116.48,0.58,1.19,129.35,101.25
2026-04-22 17:00:00,32.0,23,10.8,4,34.77,122.82,0.59,1.18,132.04,99.96
2026-04-22 18:00:00,31.3,26,11.2,4,36.52,129.29,0.61,1.24,135.68,99.53
2026-04-22 19:00:00,30.4,28,11.2,4,38.2,135.81,0.68,1.74,141.36,100.16
2026-04-22 20:00:00,29.8,30,11.1,4,40.0,141.35,0.94,2.62,155.84,97.47
2026-04-22 21:00:00,29.1,31,10.9,4,41.55,147.31,1.35,3.63,173.0,90.86
2026-04-22 22:00:00,28.4,33,9.3,4,42.14,152.88,1.88,4.46,187.85,79.84
2026-04-22 23:00:00,27.2,39,5.3,4,42.94,157.53,2.41,4.77,198.64,68.98
2026-04-23 00:00:00,27.3,43,5.7,4,43.84,161.93,2.88,4.7,205.85,59.39
2026-04-23 00:00:00,27.3,43,5.7,4,43.84,161.93,2.88,4.7,205.85,59.39
2026-04-23 01:00:00,26.9,48,5.7,4,44.42,164.68,3.21,4.37,207.11,51.04
2026-04-23 02:00:00,28.5,48,5.0,4,45.28,169.21,3.59,4.06,208.1,45.37
2026-04-23 03:00:00,30.9,46,2.7,4,46.4,174.09,3.31,3.75,208.57,43.88
2026-04-23 04:00:00,33.0,43,4.5,4,48.01,179.25,2.6,3.47,205.78,50.08
2026-04-23 05:00:00,35.4,37,2.8,4,51.26,185.02,1.77,3.22,200.3,65.45
2026-04-23 06:00:00,37.5,31,4.2,4,56.54,193.18,1.16,3.0,194.19,81.7
2026-04-23 07:00:00,39.4,24,4.7,4,52.78,182.65,0.69,2.38,163.32,94.07
2026-04-23 08:00:00,40.7,19,5.4,4,48.83,170.97,0.55,1.92,146.86,96.28
2026-04-23 09:00:00,41.2,15,8.6,4,47.33,167.83,0.57,1.79,140.1,95.88
2026-04-23 10:00:00,40.2,15,11.1,4,45.7,161.04,0.6,1.62,139.07,97.96
2026-04-23 11:00:00,38.2,21,23.1,4,46.03,161.08,0.64,1.56,140.9,98.31
2026-04-23 12:00:00,40.2,14,10.1,4,47.41,164.82,0.7,1.71,145.09,97.94
2026-04-23 13:00:00,37.2,22,4.9,4,48.74,161.7,1.09,1.98,156.46,90.17
2026-04-23 14:00:00,34.5,24,4.4,4,51.2,162.65,1.91,2.18,179.78,80.15
2026-04-23 15:00:00,33.5,26,2.1,4,53.77,169.87,2.59,2.23,203.73,72.47
2026-04-23 16:00:00,33.0,25,1.1,4,55.99,180.05,2.94,2.19,220.24,67.38
2026-04-23 17:00:00,31.6,27,3.9,4,58.55,190.5,3.23,2.11,235.55,64.2
2026-04-23 18:00:00,33.5,19,10.8,4,60.78,197.01,3.62,1.93,251.28,60.42
2026-04-23 19:00:00,33.3,17,8.7,4,61.55,197.28,3.84,1.63,259.17,55.9
2026-04-23 20:00:00,31.2,22,2.7,4,62.77,199.97,3.78,1.36,262.91,52.67
2026-04-23 21:00:00,30.0,24,7.5,5,64.08,203.78,3.6,1.17,265.64,50.22
2026-04-23 22:00:00,28.9,28,1.4,5,64.72,205.68,3.44,1.05,266.74,48.3
2026-04-23 23:00:00,28.3,30,3.3,5,65.68,207.95,3.32,1.0,271.02,47.15
2026-04-24 00:00:00,26.6,46,5.4,5,66.64,209.25,3.18,0.98,275.67,46.25
2026-04-24 00:00:00,26.6,46,5.4,5,67.2,217.79,4.63,0.85,312.45,39.44
2026-04-24 01:00:00,26.5,47,5.1,5,68.02,219.77,4.25,0.79,306.97,37.57
2026-04-24 02:00:00,28.5,41,2.6,5,68.95,222.95,3.93,0.84,308.3,36.51
2026-04-24 03:00:00,31.5,37,5.3,5,70.1,227.83,3.15,0.98,309.96,40.73
2026-04-24 04:00:00,35.0,30,3.0,5,70.57,245.81,2.11,1.9,287.54,64.1
2026-04-24 05:00:00,37.9,25,0.2,5,72.37,246.46,1.56,2.24,282.64,82.5
2026-04-24 06:00:00,39.6,20,3.5,5,77.19,249.55,1.29,2.38,283.49,99.62
2026-04-24 07:00:00,41.2,17,7.1,4,49.02,163.89,0.47,1.23,171.6,100.94
2026-04-24 08:00:00,42.2,15,8.4,4,36.31,118.27,0.31,0.71,138.11,95.2
2026-04-24 09:00:00,42.5,15,11.0,4,32.64,106.51,0.31,0.6,130.04,92.62
2026-04-24 10:00:00,42.0,16,11.5,4,31.03,102.25,0.35,0.55,127.31,91.88
2026-04-24 11:00:00,41.5,15,11.8,3,29.75,99.29,0.39,0.53,125.0,90.76
2026-04-24 12:00:00,41.3,13,10.1,3,28.41,96.16,0.43,0.53,123.18,89.5
2026-04-24 13:00:00,38.9,26,4.4,3,28.59,96.8,0.95,0.63,133.03,84.07
2026-04-24 14:00:00,36.0,19,4.5,4,30.24,101.73,2.0,0.83,158.27,76.03
2026-04-24 15:00:00,34.7,21,5.9,4,32.28,109.0,2.98,1.04,187.06,70.14
2026-04-24 16:00:00,33.8,24,1.9,4,34.2,116.92,3.4,1.15,204.81,65.4
2026-04-24 17:00:00,32.0,25,6.0,4,36.57,125.34,3.37,1.2,213.88,62.77
2026-04-24 18:00:00,31.6,27,9.1,4,38.73,130.89,3.14,1.31,215.57,62.22
2026-04-24 19:00:00,30.5,30,7.0,4,40.5,132.65,2.7,1.64,208.76,63.63
2026-04-24 20:00:00,29.5,31,6.5,4,42.93,136.48,2.38,2.05,205.8,65.84
2026-04-24 21:00:00,29.8,31,7.8,4,45.43,142.44,2.14,2.38,206.23,68.22
2026-04-24 22:00:00,29.8,31,9.3,4,47.37,148.8,1.87,2.56,203.97,71.82
2026-04-24 23:00:00,28.8,33,7.0,4,49.38,150.98,1.96,2.42,210.87,68.68
